planName,amountPaid,paymentMethod,source,autoRenew,previousSubscriptionsCount,previousRenewalsCount,previousRenewalRate,daysAsCustomer,daysSincePreviousSubscription,changedPlan,previousAmountPaidAvg,amountPaidChange,paidOrdersCount,productsPurchasedCount,totalProductSpend,averageOrderValue,daysSinceLastPurchase,successfulPaymentsCount,failedPaymentsCount,refundedPaymentsCount,renewedNextPeriod
Regular mensual,412.64,card_terminal,admin_manual,0,0,0,0,29,-1,0,0.00,0.00,1,3,2497.00,2497.00,1,1,0,0,0
Regular mensual,401.39,online_checkout,online_checkout,1,0,0,0,29,-1,0,0.00,0.00,1,2,1798.00,1798.00,9,1,0,0,0
Regular mensual,440.00,card_terminal,admin_manual,0,0,0,0,29,-1,0,0.00,0.00,0,0,0.00,0.00,-1,1,1,0,0
Regular mensual,440.00,card_terminal,admin_manual,1,0,0,0,29,-1,0,0.00,0.00,0,0,0.00,0.00,-1,1,0,0,0
Regular mensual,440.00,online_checkout,online_checkout,0,0,0,0,29,-1,0,0.00,0.00,0,0,0.00,0.00,-1,1,0,0,0
Estudiante mensual,349.17,card_terminal,admin_manual,0,0,0,0,29,-1,0,0.00,0.00,1,4,2046.00,2046.00,17,1,0,0,1
Estudiante mensual,347.25,online_checkout,online_checkout,1,0,0,0,29,-1,0,0.00,0.00,2,6,2494.00,1247.00,17,1,0,0,1
Regular mensual,440.00,card_terminal,admin_manual,0,0,0,0,29,-1,0,0.00,0.00,1,4,1346.00,1346.00,27,1,1,0,0
Regular mensual,378.72,cash,admin_manual,1,0,0,0,29,-1,0,0.00,0.00,1,3,2547.00,2547.00,22,1,1,0,0
Regular mensual,440.00,transfer,admin_manual,0,0,0,0,29,-1,0,0.00,0.00,1,3,2297.00,2297.00,18,1,0,0,0
Regular mensual,440.00,online_checkout,online_checkout,1,0,0,0,29,-1,0,0.00,0.00,0,0,0.00,0.00,-1,1,0,0,1
Estudiante mensual,354.26,online_checkout,online_checkout,1,0,0,0,29,-1,0,0.00,0.00,0,0,0.00,0.00,-1,1,1,0,1
Regular mensual,440.00,online_checkout,online_checkout,1,0,0,0,29,-1,0,0.00,0.00,1,4,4246.00,4246.00,12,1,0,0,1
Regular mensual,411.57,online_checkout,online_checkout,0,0,0,0,29,-1,0,0.00,0.00,0,0,0.00,0.00,-1,1,1,0,0
Regular mensual,440.00,cash,admin_manual,0,0,0,0,29,-1,0,0.00,0.00,0,0,0.00,0.00,-1,1,1,0,0
Regular mensual,440.00,cash,admin_manual,0,0,0,0,29,-1,0,0.00,0.00,1,1,349.00,349.00,6,1,0,0,0
Regular mensual,440.00,cash,admin_manual,1,0,0,0,29,-1,0,0.00,0.00,1,3,1847.00,1847.00,19,1,0,0,1
Regular mensual,440.00,transfer,admin_manual,0,0,0,0,29,-1,0,0.00,0.00,1,2,1448.00,1448.00,4,1,1,0,0
Regular mensual,440.00,cash,admin_manual,0,0,0,0,29,-1,0,0.00,0.00,2,6,3944.00,1972.00,6,1,0,0,0
Estudiante mensual,380.00,online_checkout,online_checkout,0,0,0,0,29,-1,0,0.00,0.00,3,8,5592.00,1864.00,14,1,1,0,0
Estudiante mensual,380.00,online_checkout,online_checkout,0,0,0,0,29,-1,0,0.00,0.00,0,0,0.00,0.00,-1,1,1,0,0
Regular mensual,440.00,online_checkout,online_checkout,0,0,0,0,29,-1,0,0.00,0.00,0,0,0.00,0.00,-1,1,0,0,0
Regular mensual,440.00,online_checkout,online_checkout,0,0,0,0,29,-1,0,0.00,0.00,0,0,0.00,0.00,-1,1,0,0,1
Regular mensual,406.80,card_terminal,admin_manual,0,0,0,0,29,-1,0,0.00,0.00,0,0,0.00,0.00,-1,1,0,0,0
Estudiante mensual,380.00,online_checkout,online_checkout,0,0,0,0,29,-1,0,0.00,0.00,0,0,0.00,0.00,-1,1,0,0,1
Regular mensual,389.50,transfer,admin_manual,0,0,0,0,29,-1,0,0.00,0.00,2,8,2692.00,1346.00,3,1,0,1,0
Regular mensual,440.00,cash,admin_manual,0,0,0,0,29,-1,0,0.00,0.00,1,2,1098.00,1098.00,1,1,0,0,0
Regular mensual,384.56,card_terminal,admin_manual,0,0,0,0,29,-1,0,0.00,0.00,0,0,0.00,0.00,-1,1,0,0,0
Regular mensual,440.00,online_checkout,online_checkout,1,0,0,0,29,-1,0,0.00,0.00,1,3,997.00,997.00,11,1,0,0,1
Regular mensual,440.00,card_terminal,admin_manual,1,0,0,0,29,-1,0,0.00,0.00,2,5,3215.00,1607.50,15,1,0,0,0
Estudiante mensual,380.00,online_checkout,online_checkout,1,0,0,0,29,-1,0,0.00,0.00,0,0,0.00,0.00,-1,1,0,1,1
Regular mensual,440.00,cash,admin_manual,0,0,0,0,29,-1,0,0.00,0.00,1,5,4696.00,4696.00,6,1,0,0,0
Estudiante mensual,380.00,online_checkout,online_checkout,1,0,0,0,29,-1,0,0.00,0.00,0,0,0.00,0.00,-1,1,0,1,1
Regular mensual,440.00,online_checkout,online_checkout,1,0,0,0,29,-1,0,0.00,0.00,0,0,0.00,0.00,-1,1,0,0,0
Regular mensual,440.00,cash,admin_manual,0,0,0,0,29,-1,0,0.00,0.00,0,0,0.00,0.00,-1,1,0,0,0
Regular mensual,440.00,online_checkout,online_checkout,1,0,0,0,29,-1,0,0.00,0.00,0,0,0.00,0.00,-1,1,0,1,1
Regular mensual,440.00,cash,admin_manual,0,0,0,0,29,-1,0,0.00,0.00,0,0,0.00,0.00,-1,1,0,1,0
Estudiante mensual,380.00,cash,admin_manual,0,0,0,0,29,-1,0,0.00,0.00,0,0,0.00,0.00,-1,1,1,0,0
Regular mensual,440.00,online_checkout,online_checkout,1,0,0,0,29,-1,0,0.00,0.00,0,0,0.00,0.00,-1,1,1,0,1
Regular mensual,440.00,card_terminal,admin_manual,0,0,0,0,29,-1,0,0.00,0.00,1,2,1328.00,1328.00,20,1,0,0,0
Regular mensual,440.00,cash,admin_manual,1,0,0,0,29,-1,0,0.00,0.00,1,2,1458.00,1458.00,18,1,0,0,0
Regular mensual,440.00,transfer,admin_manual,1,0,0,0,29,-1,0,0.00,0.00,0,0,0.00,0.00,-1,1,0,0,0
Regular mensual,440.00,transfer,admin_manual,0,0,0,0,29,-1,0,0.00,0.00,1,3,1847.00,1847.00,2,1,0,0,1
Regular mensual,440.00,online_checkout,online_checkout,1,0,0,0,29,-1,0,0.00,0.00,0,0,0.00,0.00,-1,1,1,0,0
Regular mensual,440.00,transfer,admin_manual,0,0,0,0,29,-1,0,0.00,0.00,0,0,0.00,0.00,-1,1,0,0,0
Regular mensual,440.00,cash,admin_manual,0,0,0,0,29,-1,0,0.00,0.00,0,0,0.00,0.00,-1,1,0,0,0
Regular mensual,440.00,transfer,admin_manual,0,0,0,0,29,-1,0,0.00,0.00,0,0,0.00,0.00,-1,1,1,0,0
Regular mensual,440.00,transfer,admin_manual,1,0,0,0,29,-1,0,0.00,0.00,0,0,0.00,0.00,-1,1,0,0,0
Estudiante mensual,357.60,online_checkout,online_checkout,0,0,0,0,29,-1,0,0.00,0.00,0,0,0.00,0.00,-1,1,1,0,0
Regular mensual,440.00,cash,admin_manual,0,0,0,0,29,-1,0,0.00,0.00,0,0,0.00,0.00,-1,1,1,0,0
Regular mensual,440.00,online_checkout,online_checkout,0,0,0,0,29,-1,0,0.00,0.00,0,0,0.00,0.00,-1,1,1,0,0
Estudiante mensual,380.00,online_checkout,online_checkout,0,0,0,0,29,-1,0,0.00,0.00,1,3,2947.00,2947.00,3,1,1,0,0
Regular mensual,440.00,transfer,admin_manual,1,0,0,0,29,-1,0,0.00,0.00,0,0,0.00,0.00,-1,1,0,0,1
Regular mensual,411.13,card_terminal,admin_manual,0,0,0,0,29,-1,0,0.00,0.00,1,3,1047.00,1047.00,9,1,0,0,0
Regular mensual,376.74,online_checkout,online_checkout,1,0,0,0,29,-1,0,0.00,0.00,1,2,2448.00,2448.00,26,1,0,0,0
Regular mensual,440.00,online_checkout,online_checkout,1,0,0,0,29,-1,0,0.00,0.00,0,0,0.00,0.00,-1,1,0,0,1
Regular mensual,440.00,card_terminal,admin_manual,1,0,0,0,29,-1,0,0.00,0.00,2,3,2847.00,1423.50,2,1,0,1,0
Estudiante mensual,380.00,cash,admin_manual,0,0,0,0,29,-1,0,0.00,0.00,0,0,0.00,0.00,-1,1,1,0,0
Regular mensual,440.00,cash,admin_manual,0,0,0,0,29,-1,0,0.00,0.00,1,3,1497.00,1497.00,9,1,0,0,1
Regular mensual,391.02,cash,admin_manual,0,0,0,0,29,-1,0,0.00,0.00,0,0,0.00,0.00,-1,1,0,0,1
Regular mensual,440.00,card_terminal,admin_manual,0,0,0,0,29,-1,0,0.00,0.00,1,2,1448.00,1448.00,7,1,0,0,0
Regular mensual,440.00,transfer,admin_manual,1,0,0,0,29,-1,0,0.00,0.00,0,0,0.00,0.00,-1,1,0,0,0
Estudiante mensual,380.00,online_checkout,online_checkout,1,0,0,0,29,-1,0,0.00,0.00,0,0,0.00,0.00,-1,1,1,0,0
Regular mensual,440.00,cash,admin_manual,1,0,0,0,29,-1,0,0.00,0.00,0,0,0.00,0.00,-1,1,1,0,1
Estudiante mensual,348.51,online_checkout,online_checkout,1,0,0,0,29,-1,0,0.00,0.00,0,0,0.00,0.00,-1,1,0,0,1
Regular mensual,412.12,card_terminal,admin_manual,1,0,0,0,29,-1,0,0.00,0.00,0,0,0.00,0.00,-1,1,0,0,0
Regular mensual,397.63,online_checkout,online_checkout,1,0,0,0,29,-1,0,0.00,0.00,1,5,2735.00,2735.00,19,1,0,0,0
Estudiante mensual,380.00,cash,admin_manual,1,0,0,0,29,-1,0,0.00,0.00,0,0,0.00,0.00,-1,1,0,0,0
Regular mensual,440.00,card_terminal,admin_manual,0,0,0,0,29,-1,0,0.00,0.00,1,4,3756.00,3756.00,25,1,0,0,0
Regular mensual,412.43,transfer,admin_manual,0,0,0,0,29,-1,0,0.00,0.00,1,4,3426.00,3426.00,9,1,1,0,0
Regular mensual,440.00,transfer,admin_manual,1,0,0,0,29,-1,0,0.00,0.00,0,0,0.00,0.00,-1,1,0,0,0
Regular mensual,402.92,cash,admin_manual,0,0,0,0,29,-1,0,0.00,0.00,0,0,0.00,0.00,-1,1,0,0,1
Regular mensual,440.00,online_checkout,online_checkout,1,0,0,0,29,-1,0,0.00,0.00,1,3,2947.00,2947.00,26,1,0,0,0
Regular mensual,440.00,cash,admin_manual,0,0,0,0,29,-1,0,0.00,0.00,0,0,0.00,0.00,-1,1,0,0,0
Regular mensual,440.00,transfer,admin_manual,0,0,0,0,29,-1,0,0.00,0.00,1,3,1197.00,1197.00,23,1,1,0,1
Regular mensual,440.00,card_terminal,admin_manual,0,0,0,0,29,-1,0,0.00,0.00,0,0,0.00,0.00,-1,1,0,0,0
Regular mensual,440.00,transfer,admin_manual,1,0,0,0,29,-1,0,0.00,0.00,0,0,0.00,0.00,-1,1,0,0,0
Estudiante mensual,357.05,online_checkout,online_checkout,0,0,0,0,29,-1,0,0.00,0.00,1,4,1346.00,1346.00,12,1,0,0,0
Regular mensual,440.00,online_checkout,online_checkout,1,0,0,0,29,-1,0,0.00,0.00,0,0,0.00,0.00,-1,1,0,0,0
Regular mensual,440.00,card_terminal,admin_manual,1,0,0,0,29,-1,0,0.00,0.00,0,0,0.00,0.00,-1,1,1,0,0
Regular mensual,440.00,online_checkout,online_checkout,0,0,0,0,29,-1,0,0.00,0.00,0,0,0.00,0.00,-1,1,1,0,0
Estudiante mensual,380.00,transfer,admin_manual,1,0,0,0,29,-1,0,0.00,0.00,2,5,2595.00,1297.50,11,1,1,0,0
Estudiante mensual,380.00,cash,admin_manual,0,0,0,0,29,-1,0,0.00,0.00,0,0,0.00,0.00,-1,1,0,1,0
Estudiante mensual,380.00,transfer,admin_manual,0,0,0,0,29,-1,0,0.00,0.00,1,1,199.00,199.00,2,1,0,0,0
Regular mensual,399.05,transfer,admin_manual,1,0,0,0,29,-1,0,0.00,0.00,0,0,0.00,0.00,-1,1,0,0,1
Regular mensual,401.46,cash,admin_manual,0,0,0,0,29,-1,0,0.00,0.00,0,0,0.00,0.00,-1,1,1,0,0
Regular mensual,440.00,card_terminal,admin_manual,1,0,0,0,29,-1,0,0.00,0.00,1,5,3845.00,3845.00,19,1,1,0,0
Estudiante mensual,380.00,cash,admin_manual,0,0,0,0,29,-1,0,0.00,0.00,0,0,0.00,0.00,-1,1,0,0,0
Estudiante mensual,333.83,transfer,admin_manual,0,0,0,0,29,-1,0,0.00,0.00,1,4,3826.00,3826.00,19,1,0,0,0
Regular mensual,440.00,online_checkout,online_checkout,0,0,0,0,29,-1,0,0.00,0.00,0,0,0.00,0.00,-1,1,0,0,0
Regular mensual,440.00,cash,admin_manual,0,0,0,0,29,-1,0,0.00,0.00,1,3,1347.00,1347.00,7,1,1,0,1
Regular mensual,440.00,online_checkout,online_checkout,1,0,0,0,29,-1,0,0.00,0.00,0,0,0.00,0.00,-1,1,0,0,0
Regular mensual,440.00,transfer,admin_manual,0,0,0,0,29,-1,0,0.00,0.00,0,0,0.00,0.00,-1,1,0,0,0
Regular mensual,440.00,card_terminal,admin_manual,0,0,0,0,29,-1,0,0.00,0.00,0,0,0.00,0.00,-1,1,0,0,0
Estudiante mensual,380.00,cash,admin_manual,0,0,0,0,29,-1,0,0.00,0.00,0,0,0.00,0.00,-1,1,1,0,0
Regular mensual,440.00,transfer,admin_manual,1,0,0,0,29,-1,0,0.00,0.00,0,0,0.00,0.00,-1,1,0,0,1
Regular mensual,440.00,cash,admin_manual,0,0,0,0,29,-1,0,0.00,0.00,1,2,1648.00,1648.00,27,1,1,0,1
Regular mensual,440.00,cash,admin_manual,0,0,0,0,29,-1,0,0.00,0.00,0,0,0.00,0.00,-1,1,0,0,0
Estudiante mensual,380.00,online_checkout,online_checkout,0,1,1,1,60,2,0,349.17,30.83,2,7,4493.00,2246.50,29,2,0,0,1
Regular mensual,440.00,transfer,admin_manual,1,0,0,0,29,-1,0,0.00,0.00,0,0,0.00,0.00,-1,1,0,0,0
Regular mensual,440.00,cash,admin_manual,0,0,0,0,29,-1,0,0.00,0.00,0,0,0.00,0.00,-1,1,0,0,0
Regular mensual,440.00,online_checkout,online_checkout,0,1,1,1,59,1,0,440.00,0.00,0,0,0.00,0.00,-1,2,0,0,0
Regular mensual,440.00,card_terminal,admin_manual,0,0,0,0,29,-1,0,0.00,0.00,1,4,1496.00,1496.00,29,1,0,0,0
Regular mensual,440.00,cash,admin_manual,0,0,0,0,29,-1,0,0.00,0.00,1,3,2597.00,2597.00,19,1,1,0,0
Estudiante mensual,380.00,online_checkout,online_checkout,0,1,1,1,60,2,0,354.26,25.74,0,0,0.00,0.00,-1,2,2,0,1
Estudiante mensual,380.00,cash,admin_manual,0,0,0,0,29,-1,0,0.00,0.00,1,3,1277.00,1277.00,15,1,1,0,1
Estudiante mensual,380.00,cash,admin_manual,0,0,0,0,29,-1,0,0.00,0.00,1,4,3896.00,3896.00,28,1,0,0,1
Regular mensual,440.00,card_terminal,admin_manual,0,0,0,0,29,-1,0,0.00,0.00,0,0,0.00,0.00,-1,1,0,0,1
Regular mensual,385.92,online_checkout,online_checkout,1,0,0,0,29,-1,0,0.00,0.00,1,2,1348.00,1348.00,17,1,1,0,1
Regular mensual,440.00,online_checkout,online_checkout,0,0,0,0,29,-1,0,0.00,0.00,0,0,0.00,0.00,-1,1,0,0,0
Regular mensual,409.79,online_checkout,online_checkout,0,0,0,0,29,-1,0,0.00,0.00,0,0,0.00,0.00,-1,1,1,0,0
Estudiante mensual,335.99,cash,admin_manual,0,1,1,1,62,4,0,347.25,-11.26,2,6,2494.00,1247.00,50,2,1,0,0
Regular mensual,440.00,online_checkout,online_checkout,0,1,1,1,61,3,0,440.00,0.00,1,4,4246.00,4246.00,44,2,0,0,1
Regular mensual,440.00,card_terminal,admin_manual,1,0,0,0,29,-1,0,0.00,0.00,1,4,2596.00,2596.00,6,1,0,0,0
Regular mensual,440.00,transfer,admin_manual,0,0,0,0,29,-1,0,0.00,0.00,0,0,0.00,0.00,-1,1,0,0,0
Regular mensual,440.00,card_terminal,admin_manual,0,0,0,0,29,-1,0,0.00,0.00,3,9,6071.00,2023.67,6,1,0,0,0
Regular mensual,440.00,card_terminal,admin_manual,0,0,0,0,29,-1,0,0.00,0.00,0,0,0.00,0.00,-1,1,0,0,0
Regular mensual,440.00,transfer,admin_manual,1,0,0,0,29,-1,0,0.00,0.00,0,0,0.00,0.00,-1,1,1,0,0
Regular mensual,440.00,card_terminal,admin_manual,0,0,0,0,29,-1,0,0.00,0.00,0,0,0.00,0.00,-1,1,0,0,0
Estudiante mensual,380.00,transfer,admin_manual,0,1,1,1,62,4,1,440.00,-60.00,2,6,3944.00,1972.00,30,2,0,0,1
Regular mensual,413.16,card_terminal,admin_manual,1,0,0,0,29,-1,0,0.00,0.00,0,0,0.00,0.00,-1,1,0,0,0
Regular mensual,440.00,card_terminal,admin_manual,1,0,0,0,29,-1,0,0.00,0.00,0,0,0.00,0.00,-1,1,0,0,0
Estudiante mensual,380.00,online_checkout,online_checkout,0,0,0,0,29,-1,0,0.00,0.00,0,0,0.00,0.00,-1,1,0,0,1
Regular mensual,440.00,cash,admin_manual,0,0,0,0,29,-1,0,0.00,0.00,1,4,1036.00,1036.00,19,1,0,0,0
Regular mensual,440.00,card_terminal,admin_manual,0,0,0,0,29,-1,0,0.00,0.00,1,4,2296.00,2296.00,22,1,0,0,1
Regular mensual,440.00,transfer,admin_manual,0,0,0,0,29,-1,0,0.00,0.00,1,3,687.00,687.00,2,1,0,0,0
Regular mensual,440.00,online_checkout,online_checkout,1,1,1,1,61,3,1,380.00,60.00,1,4,1726.00,1726.00,8,2,0,0,1
Regular mensual,440.00,online_checkout,online_checkout,0,0,0,0,29,-1,0,0.00,0.00,2,7,3983.00,1991.50,4,1,0,0,1
Estudiante mensual,380.00,online_checkout,online_checkout,0,1,1,1,62,4,1,440.00,-60.00,1,3,1567.00,1567.00,15,2,0,1,1
Regular mensual,440.00,online_checkout,online_checkout,0,0,0,0,29,-1,0,0.00,0.00,0,0,0.00,0.00,-1,1,0,0,1
Regular mensual,440.00,cash,admin_manual,1,0,0,0,29,-1,0,0.00,0.00,0,0,0.00,0.00,-1,1,1,0,0
Estudiante mensual,380.00,cash,admin_manual,0,0,0,0,29,-1,0,0.00,0.00,1,3,2097.00,2097.00,9,1,0,0,0
Estudiante mensual,355.91,online_checkout,online_checkout,1,1,1,1,61,3,1,440.00,-84.09,2,8,3092.00,1546.00,6,2,1,0,1
Estudiante mensual,380.00,online_checkout,online_checkout,1,0,0,0,29,-1,0,0.00,0.00,2,4,1546.00,773.00,3,1,0,0,0
Estudiante mensual,380.00,cash,admin_manual,0,0,0,0,29,-1,0,0.00,0.00,0,0,0.00,0.00,-1,1,0,0,0
Estudiante mensual,380.00,transfer,admin_manual,0,0,0,0,29,-1,0,0.00,0.00,0,0,0.00,0.00,-1,1,1,0,0
Estudiante mensual,380.00,card_terminal,admin_manual,0,1,1,1,61,3,0,380.00,0.00,1,3,2047.00,2047.00,17,2,0,1,0
Estudiante mensual,380.00,cash,admin_manual,0,0,0,0,29,-1,0,0.00,0.00,1,2,1248.00,1248.00,25,1,0,0,0
Regular mensual,440.00,online_checkout,online_checkout,1,0,0,0,29,-1,0,0.00,0.00,1,2,1198.00,1198.00,0,1,0,1,1
Estudiante mensual,353.21,transfer,admin_manual,0,1,1,1,62,4,0,380.00,-26.79,0,0,0.00,0.00,-1,2,0,1,0
Regular mensual,440.00,transfer,admin_manual,0,0,0,0,29,-1,0,0.00,0.00,0,0,0.00,0.00,-1,1,1,0,0
Regular mensual,440.00,cash,admin_manual,0,0,0,0,29,-1,0,0.00,0.00,1,4,1446.00,1446.00,26,1,0,0,0
Regular mensual,440.00,card_terminal,admin_manual,1,0,0,0,29,-1,0,0.00,0.00,1,2,848.00,848.00,2,1,0,0,1
Regular mensual,440.00,cash,admin_manual,0,0,0,0,29,-1,0,0.00,0.00,1,3,2647.00,2647.00,14,1,0,0,0
Regular mensual,440.00,cash,admin_manual,0,1,1,1,62,4,0,440.00,0.00,3,10,4430.00,1476.67,17,2,0,1,1
Regular mensual,403.61,online_checkout,online_checkout,0,0,0,0,29,-1,0,0.00,0.00,2,6,4134.00,2067.00,19,1,1,0,0
Regular mensual,440.00,online_checkout,online_checkout,0,0,0,0,29,-1,0,0.00,0.00,1,4,936.00,936.00,22,1,0,0,0
Regular mensual,413.03,transfer,admin_manual,0,0,0,0,29,-1,0,0.00,0.00,1,2,1948.00,1948.00,6,1,0,0,0
Regular mensual,440.00,cash,admin_manual,0,0,0,0,29,-1,0,0.00,0.00,1,1,899.00,899.00,4,1,0,0,0
Regular mensual,377.51,transfer,admin_manual,1,1,1,1,62,4,0,440.00,-62.49,1,3,1397.00,1397.00,27,2,1,0,0
Regular mensual,440.00,cash,admin_manual,0,0,0,0,29,-1,0,0.00,0.00,0,0,0.00,0.00,-1,1,0,0,0
Regular mensual,440.00,cash,admin_manual,0,0,0,0,29,-1,0,0.00,0.00,2,9,5791.00,2895.50,13,1,0,0,0
Regular mensual,440.00,transfer,admin_manual,0,0,0,0,29,-1,0,0.00,0.00,1,5,3925.00,3925.00,12,1,1,0,0
Regular mensual,440.00,transfer,admin_manual,0,1,1,1,61,3,0,440.00,0.00,1,3,1847.00,1847.00,34,2,0,0,1
Regular mensual,440.00,card_terminal,admin_manual,0,0,0,0,29,-1,0,0.00,0.00,1,2,628.00,628.00,7,1,1,0,1
Regular mensual,440.00,online_checkout,online_checkout,1,0,0,0,29,-1,0,0.00,0.00,1,1,399.00,399.00,27,1,0,0,1
Regular mensual,440.00,cash,admin_manual,0,0,0,0,29,-1,0,0.00,0.00,0,0,0.00,0.00,-1,1,0,0,1
Estudiante mensual,380.00,cash,admin_manual,0,0,0,0,29,-1,0,0.00,0.00,0,0,0.00,0.00,-1,1,1,0,0
Regular mensual,440.00,cash,admin_manual,0,0,0,0,29,-1,0,0.00,0.00,0,0,0.00,0.00,-1,1,0,0,0
Estudiante mensual,380.00,card_terminal,admin_manual,1,0,0,0,29,-1,0,0.00,0.00,2,6,2244.00,1122.00,7,1,0,0,1
Regular mensual,440.00,online_checkout,online_checkout,1,0,0,0,29,-1,0,0.00,0.00,1,4,2946.00,2946.00,25,1,0,0,1
Regular mensual,440.00,card_terminal,admin_manual,0,0,0,0,29,-1,0,0.00,0.00,1,5,3275.00,3275.00,28,1,0,0,1
Regular mensual,412.28,transfer,admin_manual,0,0,0,0,29,-1,0,0.00,0.00,1,4,2396.00,2396.00,20,1,0,0,0
Regular mensual,440.00,card_terminal,admin_manual,1,0,0,0,29,-1,0,0.00,0.00,1,2,1688.00,1688.00,2,1,0,0,1
Regular mensual,413.35,card_terminal,admin_manual,0,0,0,0,29,-1,0,0.00,0.00,0,0,0.00,0.00,-1,1,0,0,0
Estudiante mensual,380.00,online_checkout,online_checkout,1,0,0,0,29,-1,0,0.00,0.00,0,0,0.00,0.00,-1,1,0,0,0
Estudiante mensual,380.00,cash,admin_manual,0,1,1,1,62,4,1,440.00,-60.00,1,3,1597.00,1597.00,28,2,1,0,1
Regular mensual,440.00,online_checkout,online_checkout,0,0,0,0,29,-1,0,0.00,0.00,1,3,2097.00,2097.00,28,1,0,0,0
Regular mensual,401.57,card_terminal,admin_manual,0,0,0,0,29,-1,0,0.00,0.00,1,1,549.00,549.00,3,1,1,0,1
Estudiante mensual,380.00,cash,admin_manual,1,1,1,1,62,4,1,440.00,-60.00,1,2,1378.00,1378.00,4,2,1,0,1
Regular mensual,440.00,cash,admin_manual,0,0,0,0,29,-1,0,0.00,0.00,0,0,0.00,0.00,-1,1,0,0,0
Regular mensual,440.00,cash,admin_manual,0,0,0,0,29,-1,0,0.00,0.00,0,0,0.00,0.00,-1,1,1,0,0
Regular mensual,440.00,transfer,admin_manual,0,0,0,0,29,-1,0,0.00,0.00,2,5,2595.00,1297.50,10,1,0,0,0
Regular mensual,440.00,card_terminal,admin_manual,0,0,0,0,29,-1,0,0.00,0.00,0,0,0.00,0.00,-1,1,0,0,1
Regular mensual,440.00,cash,admin_manual,0,1,1,1,60,2,1,348.51,91.49,0,0,0.00,0.00,-1,2,0,0,0
Regular mensual,440.00,transfer,admin_manual,0,0,0,0,29,-1,0,0.00,0.00,3,9,6161.00,2053.67,18,1,0,0,0
Regular mensual,440.00,cash,admin_manual,0,1,1,1,63,5,0,391.02,48.98,1,5,2355.00,2355.00,17,2,1,0,1
Regular mensual,440.00,cash,admin_manual,0,0,0,0,29,-1,0,0.00,0.00,1,2,908.00,908.00,18,1,1,0,0
Estudiante mensual,380.00,cash,admin_manual,1,0,0,0,29,-1,0,0.00,0.00,0,0,0.00,0.00,-1,1,0,0,0
Regular mensual,440.00,cash,admin_manual,1,0,0,0,29,-1,0,0.00,0.00,1,3,1177.00,1177.00,4,1,1,0,1
Regular mensual,440.00,card_terminal,admin_manual,0,0,0,0,29,-1,0,0.00,0.00,1,3,1997.00,1997.00,14,1,0,0,0
Regular mensual,440.00,card_terminal,admin_manual,0,0,0,0,29,-1,0,0.00,0.00,1,2,1548.00,1548.00,4,1,0,0,0
Regular mensual,440.00,online_checkout,online_checkout,0,0,0,0,29,-1,0,0.00,0.00,0,0,0.00,0.00,-1,1,1,0,0
Regular mensual,408.17,transfer,admin_manual,1,1,1,1,64,6,0,440.00,-31.83,2,7,4993.00,2496.50,2,2,0,0,1
Regular mensual,380.23,cash,admin_manual,0,0,0,0,29,-1,0,0.00,0.00,0,0,0.00,0.00,-1,1,0,0,1
Regular mensual,440.00,card_terminal,admin_manual,1,1,1,1,63,5,0,440.00,0.00,1,3,1347.00,1347.00,20,2,2,0,0
Regular mensual,440.00,online_checkout,online_checkout,1,0,0,0,29,-1,0,0.00,0.00,1,2,1048.00,1048.00,21,1,1,0,1
Regular mensual,440.00,card_terminal,admin_manual,0,0,0,0,29,-1,0,0.00,0.00,1,2,2098.00,2098.00,20,1,1,0,0
Regular mensual,440.00,cash,admin_manual,0,0,0,0,29,-1,0,0.00,0.00,2,6,6083.00,3041.50,15,1,0,0,0
Regular mensual,440.00,transfer,admin_manual,0,0,0,0,29,-1,0,0.00,0.00,1,3,2897.00,2897.00,11,1,1,0,0
Regular mensual,440.00,online_checkout,online_checkout,0,0,0,0,29,-1,0,0.00,0.00,0,0,0.00,0.00,-1,1,1,0,0
Regular mensual,440.00,card_terminal,admin_manual,0,1,1,1,61,3,0,440.00,0.00,1,3,1197.00,1197.00,55,2,2,0,1
Regular mensual,440.00,online_checkout,online_checkout,1,1,1,1,63,5,0,402.92,37.08,1,3,2207.00,2207.00,30,2,1,0,1
Regular mensual,440.00,transfer,admin_manual,0,0,0,0,29,-1,0,0.00,0.00,0,0,0.00,0.00,-1,1,0,0,0
Regular mensual,440.00,card_terminal,admin_manual,0,0,0,0,29,-1,0,0.00,0.00,0,0,0.00,0.00,-1,1,0,0,0
Regular mensual,440.00,online_checkout,online_checkout,1,0,0,0,29,-1,0,0.00,0.00,1,2,1548.00,1548.00,17,1,1,0,1
Regular mensual,440.00,transfer,admin_manual,0,0,0,0,29,-1,0,0.00,0.00,0,0,0.00,0.00,-1,1,0,0,1
Estudiante mensual,380.00,card_terminal,admin_manual,0,0,0,0,29,-1,0,0.00,0.00,2,5,3655.00,1827.50,17,1,1,0,0
Estudiante mensual,380.00,cash,admin_manual,0,0,0,0,29,-1,0,0.00,0.00,1,2,438.00,438.00,11,1,0,0,0
Regular mensual,399.83,transfer,admin_manual,0,0,0,0,29,-1,0,0.00,0.00,1,4,3346.00,3346.00,4,1,0,0,0
Regular mensual,440.00,online_checkout,online_checkout,1,1,1,1,60,2,0,399.05,40.95,1,2,1648.00,1648.00,16,2,1,0,0
Regular mensual,440.00,online_checkout,online_checkout,1,0,0,0,29,-1,0,0.00,0.00,0,0,0.00,0.00,-1,1,0,0,1
Estudiante mensual,380.00,cash,admin_manual,0,0,0,0,29,-1,0,0.00,0.00,1,4,2196.00,2196.00,1,1,1,0,1
Regular mensual,440.00,cash,admin_manual,1,0,0,0,29,-1,0,0.00,0.00,0,0,0.00,0.00,-1,1,0,0,0
Regular mensual,440.00,cash,admin_manual,1,0,0,0,29,-1,0,0.00,0.00,2,4,2296.00,1148.00,1,1,1,0,0
Regular mensual,440.00,transfer,admin_manual,1,0,0,0,29,-1,0,0.00,0.00,1,4,1596.00,1596.00,3,1,0,0,0
Regular mensual,440.00,transfer,admin_manual,0,0,0,0,29,-1,0,0.00,0.00,0,0,0.00,0.00,-1,1,1,0,0
Regular mensual,398.77,cash,admin_manual,1,1,0,0,89,31,0,440.00,-41.23,2,5,2025.00,1012.50,10,2,0,0,1
Estudiante mensual,380.00,card_terminal,admin_manual,0,1,0,0,90,32,1,412.64,-32.64,1,3,2497.00,2497.00,62,2,1,0,1
Regular mensual,440.00,cash,admin_manual,0,1,0,0,90,32,0,440.00,0.00,0,0,0.00,0.00,-1,2,1,1,0
Regular mensual,383.33,transfer,admin_manual,0,1,0,0,90,32,0,401.39,-18.06,1,2,1798.00,1798.00,70,2,0,1,1
Regular mensual,440.00,online_checkout,online_checkout,1,0,0,0,29,-1,0,0.00,0.00,1,1,649.00,649.00,19,1,1,0,1
Regular mensual,414.03,transfer,admin_manual,0,0,0,0,29,-1,0,0.00,0.00,0,0,0.00,0.00,-1,1,0,0,0
Regular mensual,440.00,online_checkout,online_checkout,0,0,0,0,29,-1,0,0.00,0.00,1,3,2227.00,2227.00,24,1,0,0,1
Regular mensual,440.00,online_checkout,online_checkout,0,0,0,0,29,-1,0,0.00,0.00,1,3,1577.00,1577.00,4,1,0,0,0
Estudiante mensual,380.00,online_checkout,online_checkout,0,2,2,1,90,1,0,364.59,15.41,2,7,4493.00,2246.50,59,3,0,0,1
Regular mensual,440.00,transfer,admin_manual,0,0,0,0,29,-1,0,0.00,0.00,1,3,677.00,677.00,17,1,1,0,1
Regular mensual,440.00,transfer,admin_manual,0,1,1,1,60,2,0,440.00,0.00,0,0,0.00,0.00,-1,2,1,0,0
Estudiante mensual,380.00,card_terminal,admin_manual,1,0,0,0,29,-1,0,0.00,0.00,2,7,4223.00,2111.50,14,1,1,0,0
Estudiante mensual,332.14,transfer,admin_manual,0,0,0,0,29,-1,0,0.00,0.00,0,0,0.00,0.00,-1,1,0,0,1
Regular mensual,376.67,online_checkout,online_checkout,1,0,0,0,29,-1,0,0.00,0.00,0,0,0.00,0.00,-1,1,0,0,1
Regular mensual,440.00,online_checkout,online_checkout,0,1,0,0,90,32,0,378.72,61.28,2,6,5494.00,2747.00,34,2,2,0,0
Regular mensual,377.85,card_terminal,admin_manual,1,0,0,0,29,-1,0,0.00,0.00,1,4,4185.00,4185.00,5,1,0,0,0
Regular mensual,440.00,cash,admin_manual,0,0,0,0,29,-1,0,0.00,0.00,1,2,698.00,698.00,21,1,0,0,1
Regular mensual,440.00,online_checkout,online_checkout,0,0,0,0,29,-1,0,0.00,0.00,0,0,0.00,0.00,-1,1,0,0,0
Estudiante mensual,380.00,cash,admin_manual,0,1,1,1,59,1,0,380.00,0.00,2,5,4545.00,2272.50,16,2,0,0,1
Regular mensual,440.00,online_checkout,online_checkout,1,0,0,0,29,-1,0,0.00,0.00,2,5,2135.00,1067.50,19,1,0,1,0
Regular mensual,440.00,cash,admin_manual,0,1,0,0,93,35,0,440.00,0.00,1,2,1178.00,1178.00,11,2,1,0,1
Regular mensual,440.00,cash,admin_manual,0,0,0,0,29,-1,0,0.00,0.00,2,4,2796.00,1398.00,14,1,1,0,0
Estudiante mensual,380.00,cash,admin_manual,0,1,1,1,64,6,1,440.00,-60.00,2,8,5142.00,2571.00,19,2,1,0,0
Regular mensual,440.00,card_terminal,admin_manual,0,0,0,0,29,-1,0,0.00,0.00,0,0,0.00,0.00,-1,1,0,0,0
Regular mensual,380.14,cash,admin_manual,1,1,1,1,62,4,0,440.00,-59.86,2,4,3056.00,1528.00,19,2,2,0,0
Regular mensual,440.00,transfer,admin_manual,0,1,0,0,89,31,0,440.00,0.00,3,9,5131.00,1710.33,48,2,1,0,1
Regular mensual,403.34,online_checkout,online_checkout,0,0,0,0,29,-1,0,0.00,0.00,1,4,3146.00,3146.00,12,1,1,0,0
Regular mensual,440.00,card_terminal,admin_manual,1,0,0,0,29,-1,0,0.00,0.00,2,6,3964.00,1982.00,8,1,0,0,1
Estudiante mensual,344.07,cash,admin_manual,1,1,0,0,89,31,0,380.00,-35.93,1,1,549.00,549.00,56,2,1,0,0
Regular mensual,440.00,cash,admin_manual,0,0,0,0,29,-1,0,0.00,0.00,1,4,2326.00,2326.00,16,1,1,0,1
Regular mensual,407.14,online_checkout,online_checkout,1,1,1,1,62,4,0,440.00,-32.86,2,7,4723.00,2361.50,20,2,0,0,0
Regular mensual,440.00,online_checkout,online_checkout,0,0,0,0,29,-1,0,0.00,0.00,2,8,3432.00,1716.00,7,1,1,0,0
Regular mensual,440.00,online_checkout,online_checkout,1,0,0,0,29,-1,0,0.00,0.00,0,0,0.00,0.00,-1,1,0,0,0
Regular mensual,440.00,transfer,admin_manual,0,1,0,0,94,36,0,440.00,0.00,3,9,3491.00,1163.67,7,2,1,0,0
Regular mensual,401.69,cash,admin_manual,1,0,0,0,29,-1,0,0.00,0.00,1,3,897.00,897.00,1,1,1,0,1
Regular mensual,440.00,online_checkout,online_checkout,0,1,1,1,62,4,0,385.92,54.08,2,6,3444.00,1722.00,10,2,1,1,1
Estudiante mensual,380.00,card_terminal,admin_manual,0,0,0,0,29,-1,0,0.00,0.00,1,5,2795.00,2795.00,18,1,0,0,1
Regular mensual,440.00,cash,admin_manual,0,0,0,0,29,-1,0,0.00,0.00,0,0,0.00,0.00,-1,1,0,0,0
Regular mensual,440.00,cash,admin_manual,0,0,0,0,29,-1,0,0.00,0.00,0,0,0.00,0.00,-1,1,0,0,1
Estudiante mensual,359.12,transfer,admin_manual,0,2,2,1,94,5,0,367.13,-8.01,3,11,5569.00,1856.33,11,3,3,0,1
Regular mensual,440.00,card_terminal,admin_manual,1,1,0,0,90,32,0,440.00,0.00,2,4,1846.00,923.00,17,2,0,0,0
Estudiante mensual,380.00,cash,admin_manual,0,1,1,1,64,6,0,380.00,0.00,1,3,1277.00,1277.00,50,2,2,0,0
Estudiante mensual,380.00,online_checkout,online_checkout,0,1,0,0,89,31,1,384.56,-4.56,0,0,0.00,0.00,-1,2,1,0,1
Regular mensual,440.00,card_terminal,admin_manual,0,0,0,0,29,-1,0,0.00,0.00,1,2,548.00,548.00,25,1,0,0,0
Regular mensual,440.00,cash,admin_manual,0,0,0,0,29,-1,0,0.00,0.00,2,4,2196.00,1098.00,2,1,1,0,1
Regular mensual,440.00,cash,admin_manual,0,0,0,0,29,-1,0,0.00,0.00,0,0,0.00,0.00,-1,1,0,0,0
Regular mensual,440.00,online_checkout,online_checkout,0,1,0,0,96,38,0,440.00,0.00,3,8,5972.00,1990.67,22,2,0,0,0
Regular mensual,440.00,transfer,admin_manual,0,1,0,0,95,37,0,440.00,0.00,3,9,4691.00,1563.67,15,2,2,0,0
Regular mensual,440.00,transfer,admin_manual,0,1,0,0,93,35,1,380.00,60.00,4,12,8938.00,2234.50,22,2,1,0,0
Regular mensual,440.00,cash,admin_manual,1,0,0,0,29,-1,0,0.00,0.00,0,0,0.00,0.00,-1,1,0,0,0
Estudiante mensual,380.00,cash,admin_manual,0,0,0,0,29,-1,0,0.00,0.00,1,3,3797.00,3797.00,9,1,0,0,1
Regular mensual,440.00,cash,admin_manual,0,1,0,0,95,37,0,411.57,28.43,4,15,9425.00,2356.25,0,2,1,0,1
Estudiante mensual,380.00,online_checkout,online_checkout,0,0,0,0,29,-1,0,0.00,0.00,2,7,3453.00,1726.50,2,1,0,0,1
Regular mensual,440.00,card_terminal,admin_manual,0,1,1,1,59,1,0,440.00,0.00,0,0,0.00,0.00,-1,2,1,0,1
Regular mensual,440.00,transfer,admin_manual,0,1,0,0,91,33,0,440.00,0.00,3,10,7650.00,2550.00,5,2,0,0,1
Estudiante mensual,380.00,transfer,admin_manual,0,0,0,0,29,-1,0,0.00,0.00,2,5,4925.00,2462.50,6,1,0,0,1
Regular mensual,440.00,online_checkout,online_checkout,1,0,0,0,29,-1,0,0.00,0.00,0,0,0.00,0.00,-1,1,0,0,0
Regular mensual,440.00,cash,admin_manual,0,1,0,0,93,35,0,406.80,33.20,0,0,0.00,0.00,-1,2,1,0,0
Regular mensual,440.00,transfer,admin_manual,0,1,1,1,60,2,0,440.00,0.00,3,10,5761.00,1920.33,27,2,0,0,1
Regular mensual,440.00,card_terminal,admin_manual,0,2,2,1,96,6,0,440.00,0.00,2,7,6673.00,3336.50,31,3,1,0,1
Regular mensual,440.00,online_checkout,online_checkout,0,0,0,0,29,-1,0,0.00,0.00,0,0,0.00,0.00,-1,1,0,1,0
Estudiante mensual,380.00,online_checkout,online_checkout,1,2,2,1,96,5,0,410.00,-30.00,2,6,3944.00,1972.00,64,3,0,0,1
Regular mensual,377.79,online_checkout,online_checkout,1,0,0,0,29,-1,0,0.00,0.00,3,9,6131.00,2043.67,4,1,0,0,1
Estudiante mensual,380.00,online_checkout,online_checkout,0,1,1,1,63,5,0,380.00,0.00,1,2,1198.00,1198.00,15,2,0,0,0
Regular mensual,398.20,cash,admin_manual,0,2,2,1,93,3,0,410.00,-11.80,2,6,3024.00,1512.00,22,3,1,0,1
Regular mensual,440.00,cash,admin_manual,0,0,0,0,29,-1,0,0.00,0.00,0,0,0.00,0.00,-1,1,0,0,0
Regular mensual,376.88,cash,admin_manual,0,0,0,0,29,-1,0,0.00,0.00,2,9,2671.00,1335.50,8,1,0,0,0
Regular mensual,440.00,cash,admin_manual,0,1,0,0,96,38,0,440.00,0.00,3,7,4183.00,1394.33,8,2,1,0,1
Regular mensual,401.30,cash,admin_manual,0,1,0,0,96,38,0,440.00,-38.70,2,6,3174.00,1587.00,34,2,1,0,0
Estudiante mensual,380.00,online_checkout,online_checkout,1,1,0,0,90,32,1,440.00,-60.00,2,7,3093.00,1546.50,29,2,0,1,1
Estudiante mensual,380.00,card_terminal,admin_manual,1,0,0,0,29,-1,0,0.00,0.00,2,6,1984.00,992.00,9,1,0,0,0
Estudiante mensual,351.72,cash,admin_manual,0,2,2,1,95,4,0,410.00,-58.28,2,5,3215.00,1607.50,2,3,0,1,1
Regular mensual,440.00,transfer,admin_manual,0,0,0,0,29,-1,0,0.00,0.00,0,0,0.00,0.00,-1,1,1,0,0
Estudiante mensual,380.00,transfer,admin_manual,0,1,0,0,95,37,1,440.00,-60.00,2,8,4042.00,2021.00,3,2,0,0,0
Regular mensual,414.43,cash,admin_manual,0,0,0,0,29,-1,0,0.00,0.00,0,0,0.00,0.00,-1,1,0,0,0
Regular mensual,440.00,cash,admin_manual,1,1,1,1,60,2,0,440.00,0.00,4,9,4591.00,1147.75,3,2,0,0,1
Estudiante mensual,380.00,cash,admin_manual,0,1,0,0,91,33,0,380.00,0.00,1,3,987.00,987.00,20,2,1,0,1
Regular mensual,408.49,cash,admin_manual,1,0,0,0,29,-1,0,0.00,0.00,1,2,1128.00,1128.00,24,1,0,0,1
Regular mensual,440.00,online_checkout,online_checkout,0,0,0,0,29,-1,0,0.00,0.00,0,0,0.00,0.00,-1,1,1,0,0
Regular mensual,440.00,online_checkout,online_checkout,1,1,1,1,64,6,0,440.00,0.00,4,13,7167.00,1791.75,5,2,1,0,1
Regular mensual,440.00,transfer,admin_manual,0,0,0,0,29,-1,0,0.00,0.00,1,4,1386.00,1386.00,21,1,1,0,0
Regular mensual,440.00,card_terminal,admin_manual,0,0,0,0,29,-1,0,0.00,0.00,0,0,0.00,0.00,-1,1,0,0,0
Estudiante mensual,380.00,cash,admin_manual,0,2,2,1,95,5,0,397.96,-17.96,2,8,3092.00,1546.00,40,3,2,0,1
Regular mensual,440.00,transfer,admin_manual,0,1,0,0,96,38,0,389.50,50.50,3,10,3490.00,1163.33,34,2,0,1,1
Estudiante mensual,344.12,card_terminal,admin_manual,0,1,0,0,91,33,1,440.00,-95.88,3,8,4472.00,1490.67,18,2,0,0,0
Regular mensual,440.00,card_terminal,admin_manual,0,0,0,0,29,-1,0,0.00,0.00,0,0,0.00,0.00,-1,1,0,0,0
Estudiante mensual,350.23,cash,admin_manual,0,0,0,0,29,-1,0,0.00,0.00,1,5,3375.00,3375.00,25,1,0,0,1
Regular mensual,440.00,cash,admin_manual,0,1,0,0,92,34,0,440.00,0.00,1,4,996.00,996.00,32,2,0,0,0
Regular mensual,440.00,card_terminal,admin_manual,1,0,0,0,29,-1,0,0.00,0.00,1,2,1798.00,1798.00,19,1,0,0,1
Regular mensual,440.00,transfer,admin_manual,0,1,0,0,91,33,0,440.00,0.00,1,2,1898.00,1898.00,18,2,1,0,0
Estudiante mensual,380.00,card_terminal,admin_manual,0,0,0,0,29,-1,0,0.00,0.00,1,4,1436.00,1436.00,21,1,0,0,1
Estudiante mensual,380.00,card_terminal,admin_manual,0,0,0,0,29,-1,0,0.00,0.00,2,6,4444.00,2222.00,0,1,1,0,0
Regular mensual,440.00,cash,admin_manual,0,1,1,1,63,5,0,440.00,0.00,2,4,1946.00,973.00,32,2,1,1,0
Regular mensual,380.17,online_checkout,online_checkout,1,1,1,1,59,1,0,440.00,-59.83,2,7,2763.00,1381.50,7,2,1,0,0
Regular mensual,406.21,online_checkout,online_checkout,1,1,0,0,94,36,0,440.00,-33.79,2,8,6442.00,3221.00,50,2,0,0,1
Regular mensual,440.00,online_checkout,online_checkout,1,0,0,0,29,-1,0,0.00,0.00,1,4,2196.00,2196.00,21,1,0,0,1
Regular mensual,440.00,card_terminal,admin_manual,0,1,0,0,95,37,0,440.00,0.00,3,9,5961.00,1987.00,8,2,0,0,1
Regular mensual,440.00,cash,admin_manual,0,1,0,0,96,38,0,440.00,0.00,3,15,12476.00,4158.67,3,2,0,0,0
Regular mensual,440.00,cash,admin_manual,1,1,0,0,90,32,0,440.00,0.00,3,7,4373.00,1457.67,21,2,1,0,1
Regular mensual,440.00,transfer,admin_manual,0,0,0,0,29,-1,0,0.00,0.00,0,0,0.00,0.00,-1,1,0,0,0
Regular mensual,440.00,cash,admin_manual,0,2,2,1,95,4,0,440.00,0.00,3,10,4430.00,1476.67,50,3,1,1,0
Regular mensual,401.32,transfer,admin_manual,1,0,0,0,29,-1,0,0.00,0.00,2,7,2573.00,1286.50,21,1,0,0,0
Regular mensual,440.00,cash,admin_manual,0,0,0,0,29,-1,0,0.00,0.00,0,0,0.00,0.00,-1,1,0,0,0
Estudiante mensual,380.00,online_checkout,online_checkout,1,1,0,0,90,32,0,380.00,0.00,3,12,7338.00,2446.00,11,2,1,0,0
Regular mensual,440.00,cash,admin_manual,0,1,0,0,89,31,0,376.74,63.26,3,10,7300.00,2433.33,4,2,0,0,1
Regular mensual,411.18,online_checkout,online_checkout,0,1,0,0,91,33,0,440.00,-28.82,2,7,2823.00,1411.50,19,2,1,0,1
Regular mensual,415.59,cash,admin_manual,0,0,0,0,29,-1,0,0.00,0.00,0,0,0.00,0.00,-1,1,1,0,0
Regular mensual,440.00,transfer,admin_manual,0,1,0,0,90,32,0,411.13,28.87,4,17,9552.00,2388.00,46,2,0,0,1
Regular mensual,440.00,cash,admin_manual,0,0,0,0,29,-1,0,0.00,0.00,1,2,1678.00,1678.00,0,1,1,0,1
Regular mensual,440.00,online_checkout,online_checkout,0,1,1,1,59,1,0,440.00,0.00,1,4,2946.00,2946.00,55,2,0,0,1
Regular mensual,440.00,cash,admin_manual,0,0,0,0,29,-1,0,0.00,0.00,0,0,0.00,0.00,-1,1,0,0,0
Regular mensual,403.22,online_checkout,online_checkout,1,0,0,0,29,-1,0,0.00,0.00,1,1,649.00,649.00,16,1,0,0,1
Estudiante mensual,380.00,cash,admin_manual,0,1,0,0,94,36,1,440.00,-60.00,1,3,947.00,947.00,2,2,1,0,0
Regular mensual,406.18,cash,admin_manual,1,2,2,1,94,4,0,440.00,-33.82,1,3,1847.00,1847.00,67,3,0,0,0
Regular mensual,408.50,card_terminal,admin_manual,0,0,0,0,29,-1,0,0.00,0.00,0,0,0.00,0.00,-1,1,1,0,0
Estudiante mensual,380.00,card_terminal,admin_manual,0,1,0,0,93,35,1,440.00,-60.00,4,13,9927.00,2481.75,17,2,0,0,0
Regular mensual,440.00,online_checkout,online_checkout,0,0,0,0,29,-1,0,0.00,0.00,1,3,867.00,867.00,19,1,0,0,1
Estudiante mensual,380.00,online_checkout,online_checkout,1,1,0,0,96,38,1,440.00,-60.00,2,4,2916.00,1458.00,23,2,0,0,0
Estudiante mensual,380.00,transfer,admin_manual,1,0,0,0,29,-1,0,0.00,0.00,0,0,0.00,0.00,-1,1,0,0,0
Regular mensual,440.00,cash,admin_manual,1,1,1,1,62,4,0,440.00,0.00,0,0,0.00,0.00,-1,2,1,0,1
Regular mensual,440.00,card_terminal,admin_manual,0,0,0,0,29,-1,0,0.00,0.00,0,0,0.00,0.00,-1,1,1,0,0
Estudiante mensual,380.00,online_checkout,online_checkout,1,1,0,0,90,32,0,380.00,0.00,2,9,4511.00,2255.50,24,2,1,0,1
Regular mensual,440.00,transfer,admin_manual,0,1,0,0,94,36,0,440.00,0.00,0,0,0.00,0.00,-1,2,0,0,0
Regular mensual,440.00,cash,admin_manual,0,0,0,0,29,-1,0,0.00,0.00,2,4,2246.00,1123.00,6,1,1,0,1
Estudiante mensual,380.00,transfer,admin_manual,0,1,0,0,94,36,0,357.60,22.40,2,8,4572.00,2286.00,0,2,2,0,0
Estudiante mensual,353.77,transfer,admin_manual,0,0,0,0,29,-1,0,0.00,0.00,2,8,4452.00,2226.00,5,1,0,0,0
Regular mensual,440.00,online_checkout,online_checkout,0,0,0,0,29,-1,0,0.00,0.00,0,0,0.00,0.00,-1,1,0,1,1
Estudiante mensual,380.00,card_terminal,admin_manual,0,1,0,0,95,37,1,440.00,-60.00,3,7,5273.00,1757.67,6,2,2,0,1
Regular mensual,440.00,cash,admin_manual,1,0,0,0,29,-1,0,0.00,0.00,0,0,0.00,0.00,-1,1,0,0,0
Regular mensual,440.00,cash,admin_manual,0,1,0,0,93,35,0,440.00,0.00,2,3,2847.00,1423.50,66,2,1,1,0
Regular mensual,440.00,cash,admin_manual,0,0,0,0,29,-1,0,0.00,0.00,0,0,0.00,0.00,-1,1,1,0,0
Regular mensual,440.00,card_terminal,admin_manual,0,1,1,1,60,2,0,401.57,38.43,2,5,2045.00,1022.50,23,2,2,0,0
Regular mensual,440.00,cash,admin_manual,0,0,0,0,29,-1,0,0.00,0.00,1,2,1948.00,1948.00,10,1,1,0,0
Regular mensual,440.00,online_checkout,online_checkout,0,1,1,1,64,6,0,440.00,0.00,2,5,1665.00,832.50,8,2,1,0,1
Estudiante mensual,354.41,cash,admin_manual,0,1,1,1,63,5,0,380.00,-25.59,3,9,4581.00,1527.00,6,2,0,0,0
Regular mensual,440.00,card_terminal,admin_manual,0,1,1,1,63,5,0,440.00,0.00,1,2,1688.00,1688.00,36,2,0,0,0
Estudiante mensual,380.00,online_checkout,online_checkout,0,0,0,0,29,-1,0,0.00,0.00,0,0,0.00,0.00,-1,1,0,0,1
Estudiante mensual,380.00,online_checkout,online_checkout,0,2,2,1,94,3,0,410.00,-30.00,3,9,5321.00,1773.67,15,3,2,0,1
Estudiante mensual,380.00,cash,admin_manual,0,2,2,1,95,4,0,410.00,-30.00,3,10,4540.00,1513.33,2,3,1,0,1
Regular mensual,440.00,transfer,admin_manual,1,0,0,0,29,-1,0,0.00,0.00,1,5,3225.00,3225.00,2,1,1,0,1
Regular mensual,440.00,online_checkout,online_checkout,0,1,0,0,90,32,0,397.63,42.37,3,9,4071.00,1357.00,5,2,0,0,0
Regular mensual,399.94,cash,admin_manual,0,0,0,0,29,-1,0,0.00,0.00,1,3,1247.00,1247.00,10,1,1,0,0
Regular mensual,440.00,card_terminal,admin_manual,0,0,0,0,29,-1,0,0.00,0.00,1,4,1406.00,1406.00,9,1,0,0,0
Regular mensual,377.53,transfer,admin_manual,1,1,0,0,90,32,0,412.43,-34.90,3,12,8119.00,2706.33,0,2,2,0,0
Regular mensual,440.00,card_terminal,admin_manual,1,1,0,0,93,35,0,440.00,0.00,1,2,1448.00,1448.00,71,2,0,0,1
Regular mensual,440.00,cash,admin_manual,0,1,0,0,92,34,0,412.12,27.88,1,2,998.00,998.00,6,2,0,0,0
Estudiante mensual,350.65,cash,admin_manual,0,1,0,0,91,33,0,380.00,-29.35,1,4,1246.00,1246.00,7,2,0,0,1
Regular mensual,440.00,transfer,admin_manual,0,0,0,0,29,-1,0,0.00,0.00,1,4,3296.00,3296.00,5,1,0,0,1
Regular mensual,440.00,transfer,admin_manual,0,0,0,0,29,-1,0,0.00,0.00,2,6,3394.00,1697.00,7,1,1,0,1
Estudiante mensual,355.73,card_terminal,admin_manual,1,1,1,1,64,6,1,440.00,-84.27,3,13,8397.00,2799.00,2,2,0,0,1
Regular mensual,440.00,online_checkout,online_checkout,1,0,0,0,29,-1,0,0.00,0.00,2,5,1925.00,962.50,13,1,0,0,1
Regular mensual,440.00,online_checkout,online_checkout,0,0,0,0,29,-1,0,0.00,0.00,0,0,0.00,0.00,-1,1,0,0,0
Regular mensual,440.00,cash,admin_manual,0,2,2,1,95,3,0,415.51,24.49,2,6,3154.00,1577.00,21,3,1,0,0
Regular mensual,440.00,transfer,admin_manual,1,0,0,0,29,-1,0,0.00,0.00,0,0,0.00,0.00,-1,1,0,0,0
Regular mensual,440.00,online_checkout,online_checkout,1,0,0,0,29,-1,0,0.00,0.00,0,0,0.00,0.00,-1,1,1,0,0
Regular mensual,410.84,transfer,admin_manual,0,1,1,1,60,2,0,440.00,-29.16,3,9,5341.00,1780.33,11,2,1,0,1
Regular mensual,440.00,transfer,admin_manual,0,0,0,0,29,-1,0,0.00,0.00,0,0,0.00,0.00,-1,1,0,0,0
Regular mensual,440.00,card_terminal,admin_manual,0,1,1,1,63,5,0,440.00,0.00,1,3,2436.00,2436.00,3,2,1,0,1
Estudiante mensual,348.03,transfer,admin_manual,0,0,0,0,29,-1,0,0.00,0.00,1,4,2646.00,2646.00,14,1,0,0,1
Regular mensual,440.00,cash,admin_manual,1,0,0,0,29,-1,0,0.00,0.00,1,3,1097.00,1097.00,5,1,1,0,1
Regular mensual,440.00,card_terminal,admin_manual,0,0,0,0,29,-1,0,0.00,0.00,0,0,0.00,0.00,-1,1,1,0,0
Estudiante mensual,380.00,online_checkout,online_checkout,0,1,0,0,96,38,0,380.00,0.00,2,5,3275.00,1637.50,28,2,2,0,1
Estudiante mensual,380.00,transfer,admin_manual,0,2,2,1,92,2,1,440.00,-60.00,1,3,1197.00,1197.00,86,3,2,0,0
Regular mensual,440.00,online_checkout,online_checkout,1,0,0,0,29,-1,0,0.00,0.00,0,0,0.00,0.00,-1,1,0,0,1
Regular mensual,440.00,cash,admin_manual,0,1,0,0,90,32,0,440.00,0.00,2,6,4404.00,2202.00,0,2,1,0,0
Estudiante mensual,380.00,online_checkout,online_checkout,0,1,0,0,96,38,1,440.00,-60.00,3,8,3852.00,1284.00,37,2,0,0,0
Regular mensual,440.00,online_checkout,online_checkout,0,1,0,0,91,33,0,440.00,0.00,0,0,0.00,0.00,-1,2,1,0,0
Regular mensual,440.00,card_terminal,admin_manual,0,1,0,0,94,36,0,440.00,0.00,3,8,7802.00,2600.67,28,2,0,0,0
Regular mensual,440.00,transfer,admin_manual,0,2,2,1,97,4,0,424.09,15.91,2,7,4993.00,2496.50,35,3,0,1,0
Regular mensual,440.00,online_checkout,online_checkout,0,0,0,0,29,-1,0,0.00,0.00,1,2,378.00,378.00,28,1,0,0,0
Estudiante mensual,342.12,card_terminal,admin_manual,1,1,0,0,90,32,0,380.00,-37.88,0,0,0.00,0.00,-1,2,0,1,1
Estudiante mensual,380.00,transfer,admin_manual,0,1,0,0,90,32,0,380.00,0.00,3,9,3171.00,1057.00,0,2,1,0,1
Estudiante mensual,380.00,online_checkout,online_checkout,0,1,0,0,89,31,1,440.00,-60.00,3,12,8088.00,2696.00,23,2,1,0,0
Regular mensual,440.00,card_terminal,admin_manual,0,0,0,0,29,-1,0,0.00,0.00,0,0,0.00,0.00,-1,1,0,0,1
Regular mensual,440.00,cash,admin_manual,1,1,1,1,64,6,0,440.00,0.00,2,7,2873.00,1436.50,16,2,1,0,1
Regular mensual,440.00,cash,admin_manual,0,0,0,0,29,-1,0,0.00,0.00,1,3,2757.00,2757.00,28,1,1,0,1
Estudiante mensual,380.00,cash,admin_manual,1,1,0,0,90,32,0,380.00,0.00,4,11,7719.00,1929.75,22,2,1,0,0
Estudiante mensual,380.00,online_checkout,online_checkout,0,1,0,0,92,34,0,357.05,22.95,3,12,5888.00,1962.67,41,2,0,0,1
Estudiante mensual,380.00,online_checkout,online_checkout,1,0,0,0,29,-1,0,0.00,0.00,0,0,0.00,0.00,-1,1,1,0,0
Estudiante mensual,380.00,card_terminal,admin_manual,0,1,0,0,92,34,1,440.00,-60.00,3,10,9070.00,3023.33,2,2,2,0,1
Regular mensual,408.93,cash,admin_manual,1,0,0,0,29,-1,0,0.00,0.00,3,12,8388.00,2796.00,0,1,0,0,0
Regular mensual,440.00,online_checkout,online_checkout,1,1,1,1,61,3,0,440.00,0.00,1,2,1548.00,1548.00,49,2,2,0,0
Regular mensual,440.00,online_checkout,online_checkout,0,0,0,0,29,-1,0,0.00,0.00,1,4,2807.00,2807.00,23,1,1,0,0
Regular mensual,440.00,online_checkout,online_checkout,1,1,1,1,59,1,1,380.00,60.00,3,11,6189.00,2063.00,27,2,1,0,0
Estudiante mensual,380.00,online_checkout,online_checkout,1,1,0,0,89,31,0,333.83,46.17,3,10,8460.00,2820.00,5,2,1,0,0
Regular mensual,378.22,card_terminal,admin_manual,1,0,0,0,29,-1,0,0.00,0.00,0,0,0.00,0.00,-1,1,0,0,0
Estudiante mensual,380.00,transfer,admin_manual,0,1,0,0,96,38,1,440.00,-60.00,3,9,5241.00,1747.00,6,2,0,0,0
Regular mensual,440.00,card_terminal,admin_manual,0,0,0,0,29,-1,0,0.00,0.00,0,0,0.00,0.00,-1,1,0,0,0
Regular mensual,440.00,transfer,admin_manual,0,1,1,1,64,6,0,380.23,59.77,1,4,3505.00,3505.00,26,2,1,0,1
Estudiante mensual,380.00,cash,admin_manual,0,0,0,0,29,-1,0,0.00,0.00,0,0,0.00,0.00,-1,1,0,0,0
Regular mensual,440.00,card_terminal,admin_manual,0,1,0,0,95,37,0,440.00,0.00,1,3,2577.00,2577.00,14,2,0,0,1
Regular mensual,440.00,cash,admin_manual,0,1,1,1,61,3,0,440.00,0.00,1,4,2976.00,2976.00,4,2,0,0,1
Regular mensual,440.00,card_terminal,admin_manual,0,0,0,0,29,-1,0,0.00,0.00,1,3,2277.00,2277.00,5,1,1,0,1
Regular mensual,440.00,transfer,admin_manual,1,2,2,1,97,5,0,421.46,18.54,2,7,3653.00,1826.50,2,3,1,0,0
Regular mensual,440.00,card_terminal,admin_manual,0,0,0,0,29,-1,0,0.00,0.00,1,3,1647.00,1647.00,5,1,0,0,0
Regular mensual,440.00,card_terminal,admin_manual,0,0,0,0,29,-1,0,0.00,0.00,0,0,0.00,0.00,-1,1,0,1,0
Regular mensual,440.00,online_checkout,online_checkout,1,1,0,0,95,37,0,440.00,0.00,2,8,4542.00,2271.00,32,2,1,0,0
Estudiante mensual,380.00,cash,admin_manual,0,1,0,0,96,38,1,440.00,-60.00,3,12,9358.00,3119.33,1,2,0,0,0
Estudiante mensual,380.00,card_terminal,admin_manual,0,2,1,0.5,120,2,1,419.39,-39.39,2,5,2025.00,1012.50,41,3,0,0,0
Regular mensual,440.00,card_terminal,admin_manual,0,0,0,0,29,-1,0,0.00,0.00,0,0,0.00,0.00,-1,1,1,0,0
Regular mensual,440.00,online_checkout,online_checkout,1,0,0,0,29,-1,0,0.00,0.00,1,4,2046.00,2046.00,3,1,0,0,1
Regular mensual,440.00,transfer,admin_manual,1,0,0,0,29,-1,0,0.00,0.00,2,8,5542.00,2771.00,6,1,1,0,0
Estudiante mensual,344.47,card_terminal,admin_manual,0,1,1,1,59,1,1,376.67,-32.20,0,0,0.00,0.00,-1,2,1,0,1
Regular mensual,411.37,card_terminal,admin_manual,0,1,0,0,96,38,0,440.00,-28.63,0,0,0.00,0.00,-1,2,0,0,0
Estudiante mensual,380.00,online_checkout,online_checkout,0,1,0,0,93,35,1,440.00,-60.00,2,3,1197.00,598.50,16,2,0,0,1
Regular mensual,440.00,card_terminal,admin_manual,1,0,0,0,29,-1,0,0.00,0.00,1,5,1745.00,1745.00,17,1,0,0,0
Estudiante mensual,380.00,cash,admin_manual,0,0,0,0,29,-1,0,0.00,0.00,3,9,5141.00,1713.67,5,1,1,0,0
Regular mensual,440.00,transfer,admin_manual,0,0,0,0,29,-1,0,0.00,0.00,2,6,2694.00,1347.00,0,1,1,0,1
Regular mensual,440.00,cash,admin_manual,0,1,0,0,91,33,0,440.00,0.00,3,9,5981.00,1993.67,22,2,1,0,1
Regular mensual,440.00,card_terminal,admin_manual,1,0,0,0,29,-1,0,0.00,0.00,2,6,5954.00,2977.00,4,1,1,0,0
Regular mensual,374.84,transfer,admin_manual,1,0,0,0,29,-1,0,0.00,0.00,2,4,2646.00,1323.00,12,1,0,1,1
Regular mensual,440.00,card_terminal,admin_manual,0,1,0,0,92,34,0,440.00,0.00,4,9,7991.00,1997.75,14,2,0,0,0
Regular mensual,398.41,card_terminal,admin_manual,0,1,1,1,64,6,0,440.00,-41.59,3,8,5342.00,1780.67,3,2,0,0,0
Estudiante mensual,380.00,online_checkout,online_checkout,0,0,0,0,29,-1,0,0.00,0.00,3,10,7040.00,2346.67,13,1,0,0,1
Regular mensual,440.00,card_terminal,admin_manual,0,2,2,1,89,1,1,380.00,60.00,5,15,9675.00,1935.00,1,3,0,0,1
Regular mensual,440.00,cash,admin_manual,1,2,1,0.5,123,1,0,440.00,0.00,1,2,1178.00,1178.00,41,3,1,0,1
Regular mensual,440.00,cash,admin_manual,0,1,0,0,96,38,0,401.46,38.54,0,0,0.00,0.00,-1,2,1,1,0
Estudiante mensual,380.00,transfer,admin_manual,0,1,1,1,62,4,1,440.00,-60.00,1,3,677.00,677.00,50,2,1,0,1
Regular mensual,440.00,cash,admin_manual,1,1,1,1,60,2,0,440.00,0.00,3,7,4193.00,1397.67,7,2,0,0,1
Estudiante mensual,380.00,card_terminal,admin_manual,0,1,1,1,61,3,0,332.14,47.86,1,3,2347.00,2347.00,17,2,0,0,0
Regular mensual,440.00,cash,admin_manual,1,1,0,0,91,33,0,440.00,0.00,4,13,7167.00,1791.75,4,2,0,0,0
Estudiante mensual,380.00,cash,admin_manual,0,1,0,0,93,35,0,380.00,0.00,0,0,0.00,0.00,-1,2,1,0,1
Regular mensual,440.00,card_terminal,admin_manual,0,1,1,1,62,4,0,440.00,0.00,3,9,6071.00,2023.67,9,2,0,0,1
Regular mensual,440.00,card_terminal,admin_manual,0,0,0,0,29,-1,0,0.00,0.00,1,4,3546.00,3546.00,19,1,1,0,0
Regular mensual,440.00,online_checkout,online_checkout,1,2,1,0.5,124,5,0,392.36,47.64,2,4,3146.00,1573.00,17,3,1,1,1
Regular mensual,440.00,transfer,admin_manual,0,0,0,0,29,-1,0,0.00,0.00,0,0,0.00,0.00,-1,1,1,0,0
Regular mensual,440.00,transfer,admin_manual,0,0,0,0,29,-1,0,0.00,0.00,2,5,6325.00,3162.50,11,1,0,0,0
Regular mensual,407.80,online_checkout,online_checkout,0,1,1,1,64,6,0,440.00,-32.20,1,1,649.00,649.00,54,2,1,0,1
Regular mensual,440.00,cash,admin_manual,0,1,0,0,95,37,0,440.00,0.00,2,5,1675.00,837.50,27,2,1,0,0
Regular mensual,440.00,transfer,admin_manual,0,1,0,0,92,34,0,440.00,0.00,2,7,2593.00,1296.50,2,2,0,0,0
Estudiante mensual,380.00,cash,admin_manual,0,1,0,0,96,38,0,380.00,0.00,2,7,3273.00,1636.50,11,2,0,0,0
Regular mensual,440.00,transfer,admin_manual,0,1,0,0,95,37,0,440.00,0.00,1,3,1897.00,1897.00,59,2,0,0,0
Regular mensual,440.00,online_checkout,online_checkout,0,0,0,0,29,-1,0,0.00,0.00,0,0,0.00,0.00,-1,1,0,0,1
Regular mensual,440.00,online_checkout,online_checkout,0,2,1,0.5,122,34,0,440.00,0.00,1,2,1348.00,1348.00,53,3,1,0,0
Estudiante mensual,380.00,transfer,admin_manual,0,2,1,0.5,125,6,0,396.32,-16.32,2,5,3245.00,1622.50,33,3,1,0,1
Regular mensual,440.00,online_checkout,online_checkout,0,0,0,0,29,-1,0,0.00,0.00,3,10,6720.00,2240.00,0,1,0,0,1
Regular mensual,440.00,cash,admin_manual,0,0,0,0,29,-1,0,0.00,0.00,1,4,3826.00,3826.00,12,1,0,0,1
Regular mensual,440.00,transfer,admin_manual,0,1,1,1,60,2,0,440.00,0.00,4,12,7158.00,1789.50,7,2,0,0,1
Estudiante mensual,380.00,online_checkout,online_checkout,0,0,0,0,29,-1,0,0.00,0.00,0,0,0.00,0.00,-1,1,0,0,0
Estudiante mensual,380.00,online_checkout,online_checkout,1,3,3,1,125,6,0,369.72,10.28,3,9,6191.00,2063.67,4,4,1,0,1
Regular mensual,440.00,online_checkout,online_checkout,0,0,0,0,29,-1,0,0.00,0.00,0,0,0.00,0.00,-1,1,0,0,0
Regular mensual,406.69,card_terminal,admin_manual,0,1,1,1,60,2,0,440.00,-33.31,1,4,2326.00,2326.00,47,2,2,0,0
Regular mensual,440.00,transfer,admin_manual,0,0,0,0,29,-1,0,0.00,0.00,2,8,4772.00,2386.00,19,1,0,0,1
Estudiante mensual,380.00,online_checkout,online_checkout,0,2,1,0.5,120,2,1,440.00,-60.00,3,9,5131.00,1710.33,79,3,2,0,1
Regular mensual,440.00,transfer,admin_manual,1,1,0,0,89,31,0,440.00,0.00,3,9,5541.00,1847.00,19,2,1,0,1
Regular mensual,440.00,cash,admin_manual,0,1,0,0,94,36,0,440.00,0.00,4,10,5700.00,1425.00,10,2,1,0,1
Regular mensual,440.00,online_checkout,online_checkout,1,0,0,0,29,-1,0,0.00,0.00,1,2,828.00,828.00,16,1,0,0,1
Regular mensual,440.00,cash,admin_manual,1,0,0,0,29,-1,0,0.00,0.00,1,2,1178.00,1178.00,16,1,0,0,0
Regular mensual,407.92,card_terminal,admin_manual,0,1,1,1,60,2,0,401.69,6.23,1,3,897.00,897.00,32,2,1,0,1
Estudiante mensual,380.00,cash,admin_manual,0,1,0,0,90,32,1,440.00,-60.00,1,2,1798.00,1798.00,30,2,2,0,1
Regular mensual,440.00,cash,admin_manual,1,0,0,0,29,-1,0,0.00,0.00,1,4,2196.00,2196.00,28,1,0,0,1
Regular mensual,440.00,transfer,admin_manual,0,1,1,1,60,2,0,440.00,0.00,2,6,3414.00,1707.00,28,2,0,0,1
Estudiante mensual,355.73,transfer,admin_manual,1,0,0,0,29,-1,0,0.00,0.00,5,16,9664.00,1932.80,14,1,0,0,0
Regular mensual,381.93,transfer,admin_manual,0,1,0,0,93,35,0,409.79,-27.86,3,10,5080.00,1693.33,4,2,2,0,1
Regular mensual,440.00,transfer,admin_manual,1,0,0,0,29,-1,0,0.00,0.00,3,8,2212.00,737.33,14,1,0,0,0
Regular mensual,440.00,card_terminal,admin_manual,0,0,0,0,29,-1,0,0.00,0.00,2,5,2145.00,1072.50,2,1,1,0,0
Regular mensual,407.25,cash,admin_manual,0,1,0,0,91,33,0,413.16,-5.91,3,11,5789.00,1929.67,8,2,1,0,1
Regular mensual,440.00,online_checkout,online_checkout,0,1,1,1,60,2,0,440.00,0.00,3,8,4222.00,1407.33,10,2,2,0,1
Regular mensual,440.00,cash,admin_manual,0,2,1,0.5,125,1,0,425.79,14.21,4,15,9425.00,2356.25,30,3,2,0,0
Regular mensual,440.00,cash,admin_manual,0,2,2,1,89,1,0,440.00,0.00,0,0,0.00,0.00,-1,3,1,0,0
Estudiante mensual,380.00,transfer,admin_manual,0,2,1,0.5,127,36,0,341.62,38.38,2,6,2494.00,1247.00,115,3,1,0,1
Regular mensual,440.00,cash,admin_manual,0,0,0,0,29,-1,0,0.00,0.00,1,1,899.00,899.00,18,1,1,0,0
Estudiante mensual,380.00,card_terminal,admin_manual,1,1,0,0,96,38,1,440.00,-60.00,4,10,6050.00,1512.50,2,2,1,0,0
Regular mensual,440.00,cash,admin_manual,0,0,0,0,29,-1,0,0.00,0.00,2,5,3095.00,1547.50,18,1,1,0,0
Regular mensual,440.00,online_checkout,online_checkout,0,0,0,0,29,-1,0,0.00,0.00,1,4,1776.00,1776.00,21,1,0,1,1
Regular mensual,440.00,online_checkout,online_checkout,1,0,0,0,29,-1,0,0.00,0.00,0,0,0.00,0.00,-1,1,1,0,0
Regular mensual,440.00,transfer,admin_manual,0,1,0,0,94,36,0,440.00,0.00,5,18,11302.00,2260.40,40,2,1,0,0
Estudiante mensual,380.00,transfer,admin_manual,0,1,1,1,60,2,0,380.00,0.00,3,11,6949.00,2316.33,24,2,0,0,0
Regular mensual,400.18,cash,admin_manual,0,1,0,0,91,33,0,440.00,-39.82,3,12,5748.00,1916.00,25,2,0,0,0
Regular mensual,440.00,cash,admin_manual,1,1,0,0,91,33,0,440.00,0.00,3,10,6070.00,2023.33,4,2,0,0,0
Regular mensual,440.00,cash,admin_manual,0,0,0,0,29,-1,0,0.00,0.00,1,2,898.00,898.00,20,1,0,0,1
Estudiante mensual,380.00,cash,admin_manual,0,1,0,0,94,36,1,440.00,-60.00,3,9,6071.00,2023.67,71,2,1,0,0
Regular mensual,440.00,online_checkout,online_checkout,0,1,0,0,96,38,0,440.00,0.00,2,7,5123.00,2561.50,30,2,0,0,0
Estudiante mensual,380.00,transfer,admin_manual,0,2,1,0.5,122,4,0,382.28,-2.28,1,3,1847.00,1847.00,14,3,1,0,1
Regular mensual,440.00,transfer,admin_manual,0,2,1,0.5,126,1,0,440.00,0.00,4,10,6240.00,1560.00,28,3,2,0,0
Regular mensual,440.00,cash,admin_manual,0,0,0,0,29,-1,0,0.00,0.00,1,2,1208.00,1208.00,21,1,0,0,0
Regular mensual,440.00,online_checkout,online_checkout,1,1,0,0,95,37,0,440.00,0.00,1,4,3726.00,3726.00,40,2,0,0,0
Regular mensual,440.00,cash,admin_manual,0,0,0,0,29,-1,0,0.00,0.00,2,5,3385.00,1692.50,5,1,0,0,1
Estudiante mensual,355.12,cash,admin_manual,0,1,1,1,63,5,0,380.00,-24.88,3,9,4441.00,1480.33,10,2,0,0,0
Regular mensual,440.00,online_checkout,online_checkout,0,3,3,1,123,1,0,406.07,33.93,2,6,3024.00,1512.00,52,4,2,0,0
Regular mensual,440.00,online_checkout,online_checkout,0,0,0,0,29,-1,0,0.00,0.00,1,4,2296.00,2296.00,18,1,1,0,0
Estudiante mensual,380.00,transfer,admin_manual,1,1,1,1,61,3,0,380.00,0.00,2,6,6144.00,3072.00,30,2,0,0,1
Estudiante mensual,380.00,cash,admin_manual,0,2,2,1,97,6,1,412.96,-32.96,3,11,5739.00,1913.00,3,3,1,1,1
Estudiante mensual,380.00,card_terminal,admin_manual,0,3,3,1,129,6,0,364.46,15.54,4,13,6797.00,1699.25,21,4,3,0,0
Estudiante mensual,380.00,online_checkout,online_checkout,0,1,0,0,91,33,0,380.00,0.00,3,8,4652.00,1550.67,20,2,0,0,0
Regular mensual,440.00,online_checkout,online_checkout,0,2,1,0.5,123,3,0,440.00,0.00,3,10,7650.00,2550.00,37,3,0,0,1
Estudiante mensual,323.18,online_checkout,online_checkout,1,0,0,0,29,-1,0,0.00,0.00,3,10,5120.00,1706.67,1,1,0,0,0
Regular mensual,440.00,online_checkout,online_checkout,0,2,2,1,92,3,0,440.00,0.00,3,10,5761.00,1920.33,59,3,0,0,0
Regular mensual,440.00,online_checkout,online_checkout,1,0,0,0,29,-1,0,0.00,0.00,2,5,1895.00,947.50,5,1,0,0,0
Estudiante mensual,346.78,online_checkout,online_checkout,1,1,0,0,90,32,0,380.00,-33.22,4,12,7048.00,1762.00,8,2,1,0,1
Regular mensual,383.01,online_checkout,online_checkout,0,3,3,1,128,3,0,440.00,-56.99,2,7,6673.00,3336.50,63,4,2,0,0
Estudiante mensual,380.00,cash,admin_manual,1,3,3,1,127,2,0,400.00,-20.00,3,10,7150.00,2383.33,6,4,0,0,0
Regular mensual,440.00,cash,admin_manual,0,0,0,0,29,-1,0,0.00,0.00,2,5,3045.00,1522.50,4,1,1,0,0
Regular mensual,411.21,cash,admin_manual,1,0,0,0,29,-1,0,0.00,0.00,3,8,4792.00,1597.33,5,1,0,0,1
Estudiante mensual,380.00,online_checkout,online_checkout,1,1,1,1,62,4,0,380.00,0.00,2,5,4925.00,2462.50,39,2,0,0,1
Regular mensual,440.00,cash,admin_manual,0,1,0,0,96,38,0,440.00,0.00,2,6,2974.00,1487.00,0,2,1,0,0
Regular mensual,440.00,card_terminal,admin_manual,0,0,0,0,29,-1,0,0.00,0.00,3,9,6140.00,2046.67,12,1,1,0,1
Regular mensual,440.00,transfer,admin_manual,0,0,0,0,29,-1,0,0.00,0.00,3,10,4890.00,1630.00,15,1,0,0,1
Estudiante mensual,380.00,cash,admin_manual,0,0,0,0,29,-1,0,0.00,0.00,1,4,2306.00,2306.00,23,1,0,0,0
Estudiante mensual,326.15,online_checkout,online_checkout,1,1,0,0,93,35,0,380.00,-53.85,2,6,3744.00,1872.00,29,2,0,0,1
Regular mensual,440.00,online_checkout,online_checkout,1,1,0,0,91,33,0,440.00,0.00,3,9,7291.00,2430.33,12,2,1,0,1
Estudiante mensual,380.00,cash,admin_manual,1,3,3,1,125,1,0,391.97,-11.97,2,8,3092.00,1546.00,70,4,2,0,0
Estudiante mensual,380.00,cash,admin_manual,0,1,0,0,96,38,1,440.00,-60.00,2,7,3533.00,1766.50,34,2,0,0,1
Regular mensual,440.00,cash,admin_manual,0,0,0,0,29,-1,0,0.00,0.00,2,4,3546.00,1773.00,4,1,0,0,1
Regular mensual,440.00,online_checkout,online_checkout,1,1,1,1,62,4,0,377.79,62.21,4,14,7856.00,1964.00,0,2,0,0,1
Estudiante mensual,380.00,online_checkout,online_checkout,0,0,0,0,29,-1,0,0.00,0.00,1,3,587.00,587.00,0,1,1,0,1
Estudiante mensual,380.00,card_terminal,admin_manual,0,1,1,1,59,1,0,350.23,29.77,2,8,7172.00,3586.00,24,2,0,0,1
Regular mensual,405.49,transfer,admin_manual,0,1,1,1,60,2,0,408.49,-3.00,3,9,4671.00,1557.00,0,2,0,0,1
Regular mensual,405.71,online_checkout,online_checkout,1,0,0,0,29,-1,0,0.00,0.00,0,0,0.00,0.00,-1,1,0,0,1
Regular mensual,440.00,transfer,admin_manual,0,1,0,0,92,34,0,440.00,0.00,2,7,3093.00,1546.50,18,2,0,0,1
Regular mensual,409.57,online_checkout,online_checkout,1,0,0,0,29,-1,0,0.00,0.00,2,7,1673.00,836.50,5,1,0,0,1
Estudiante mensual,342.35,online_checkout,online_checkout,1,2,2,1,96,3,1,440.00,-97.65,4,13,7167.00,1791.75,37,3,2,0,1
Regular mensual,381.57,online_checkout,online_checkout,1,0,0,0,29,-1,0,0.00,0.00,3,10,5940.00,1980.00,0,1,1,0,1
Estudiante mensual,353.62,card_terminal,admin_manual,0,2,1,0.5,124,1,1,423.11,-69.49,2,8,6442.00,3221.00,80,3,0,0,1
Estudiante mensual,325.44,cash,admin_manual,0,2,1,0.5,125,34,0,366.61,-41.17,1,2,598.00,598.00,60,3,0,1,1
Regular mensual,381.67,cash,admin_manual,0,1,0,0,95,37,0,440.00,-58.33,2,5,3115.00,1557.50,7,2,2,0,1
Regular mensual,440.00,cash,admin_manual,0,1,1,1,60,2,0,440.00,0.00,3,7,4843.00,1614.33,7,2,0,0,0
Estudiante mensual,380.00,cash,admin_manual,0,1,0,0,94,36,0,380.00,0.00,2,6,4794.00,2397.00,26,2,1,0,0
Regular mensual,440.00,cash,admin_manual,0,1,0,0,95,37,1,380.00,60.00,0,0,0.00,0.00,-1,2,1,0,1
Regular mensual,440.00,transfer,admin_manual,0,0,0,0,29,-1,0,0.00,0.00,0,0,0.00,0.00,-1,1,1,0,1
Estudiante mensual,380.00,transfer,admin_manual,0,2,1,0.5,124,5,0,410.00,-30.00,3,9,4551.00,1517.00,31,3,0,1,1
Regular mensual,416.45,cash,admin_manual,0,2,1,0.5,124,4,1,380.00,36.45,1,3,987.00,987.00,53,3,1,0,1
Regular mensual,440.00,online_checkout,online_checkout,1,0,0,0,29,-1,0,0.00,0.00,1,2,678.00,678.00,28,1,1,0,1
Regular mensual,440.00,transfer,admin_manual,0,2,2,1,93,4,0,440.00,0.00,5,12,6438.00,1287.60,31,3,0,0,1
Regular mensual,406.10,transfer,admin_manual,1,0,0,0,29,-1,0,0.00,0.00,3,9,5091.00,1697.00,0,1,1,0,1
Estudiante mensual,380.00,card_terminal,admin_manual,0,1,0,0,93,35,1,403.61,-23.61,3,8,5132.00,1710.67,21,2,1,0,0
Regular mensual,411.20,cash,admin_manual,0,2,1,0.5,129,4,0,414.75,-3.55,3,10,3490.00,1163.33,67,3,0,1,0
Regular mensual,440.00,online_checkout,online_checkout,0,0,0,0,29,-1,0,0.00,0.00,2,6,3874.00,1937.00,10,1,0,0,0
Estudiante mensual,380.00,card_terminal,admin_manual,0,1,0,0,90,32,0,380.00,0.00,4,13,8397.00,2099.25,34,2,1,0,1
Estudiante mensual,380.00,transfer,admin_manual,0,3,3,1,130,6,0,390.57,-10.57,3,7,4663.00,1554.33,21,4,0,1,1
Regular mensual,440.00,online_checkout,online_checkout,0,0,0,0,29,-1,0,0.00,0.00,2,6,4243.00,2121.50,17,1,1,0,0
Estudiante mensual,380.00,card_terminal,admin_manual,1,1,0,0,91,33,1,440.00,-60.00,3,13,7827.00,2609.00,8,2,0,0,1
Regular mensual,440.00,card_terminal,admin_manual,0,2,1,0.5,121,2,0,440.00,0.00,3,7,4373.00,1457.67,52,3,2,0,1
Regular mensual,440.00,cash,admin_manual,0,2,1,0.5,119,1,0,408.37,31.63,3,10,7300.00,2433.33,34,3,0,1,1
Regular mensual,440.00,transfer,admin_manual,0,1,0,0,93,35,0,440.00,0.00,2,4,3646.00,1823.00,23,2,1,0,1
Estudiante mensual,380.00,cash,admin_manual,0,0,0,0,29,-1,0,0.00,0.00,0,0,0.00,0.00,-1,1,0,0,1
Regular mensual,440.00,card_terminal,admin_manual,0,0,0,0,29,-1,0,0.00,0.00,2,8,5392.00,2696.00,11,1,0,1,0
Regular mensual,440.00,transfer,admin_manual,0,2,1,0.5,121,2,0,425.57,14.43,5,20,11379.00,2275.80,27,3,0,0,0
Regular mensual,440.00,cash,admin_manual,0,0,0,0,29,-1,0,0.00,0.00,2,4,3876.00,1938.00,21,1,0,0,1
Regular mensual,440.00,transfer,admin_manual,0,1,0,0,93,35,0,440.00,0.00,2,3,947.00,473.50,32,2,1,0,1
Estudiante mensual,380.00,cash,admin_manual,0,1,1,1,62,4,0,380.00,0.00,2,7,2383.00,1191.50,5,2,0,0,1
Regular mensual,416.88,transfer,admin_manual,1,2,1,0.5,128,38,1,380.00,36.88,2,6,4304.00,2152.00,28,3,0,1,1
Estudiante mensual,380.00,online_checkout,online_checkout,0,0,0,0,29,-1,0,0.00,0.00,2,10,6070.00,3035.00,19,1,0,0,1
Regular mensual,440.00,cash,admin_manual,0,1,0,0,93,35,0,440.00,0.00,2,8,4852.00,2426.00,60,2,2,0,1
Regular mensual,440.00,transfer,admin_manual,0,1,0,0,95,37,0,440.00,0.00,2,7,2983.00,1491.50,44,2,0,0,1
Regular mensual,440.00,transfer,admin_manual,0,2,1,0.5,128,4,0,440.00,0.00,4,12,7888.00,1972.00,21,3,0,0,1
Regular mensual,386.53,online_checkout,online_checkout,1,0,0,0,29,-1,0,0.00,0.00,1,1,299.00,299.00,14,1,0,0,1
Regular mensual,440.00,transfer,admin_manual,0,0,0,0,29,-1,0,0.00,0.00,0,0,0.00,0.00,-1,1,0,0,0
Regular mensual,390.36,transfer,admin_manual,1,1,1,1,62,4,0,440.00,-49.64,2,7,4593.00,2296.50,9,2,1,0,1
Estudiante mensual,380.00,card_terminal,admin_manual,0,1,0,0,90,32,1,412.28,-32.28,2,6,4244.00,2122.00,11,2,0,0,1
Regular mensual,440.00,transfer,admin_manual,0,1,0,0,96,38,0,440.00,0.00,3,9,6981.00,2327.00,17,2,0,0,1
Regular mensual,440.00,online_checkout,online_checkout,1,1,1,1,62,4,0,440.00,0.00,3,8,5802.00,1934.00,2,2,1,0,1
Regular mensual,440.00,card_terminal,admin_manual,0,1,1,1,59,1,0,440.00,0.00,2,4,2246.00,1123.00,36,2,1,1,0
Regular mensual,440.00,transfer,admin_manual,0,0,0,0,29,-1,0,0.00,0.00,2,9,5691.00,2845.50,9,1,1,0,1
Regular mensual,440.00,online_checkout,online_checkout,0,2,1,0.5,128,37,0,408.76,31.24,3,9,5441.00,1813.67,30,3,1,0,1
Estudiante mensual,380.00,transfer,admin_manual,0,0,0,0,29,-1,0,0.00,0.00,1,4,2996.00,2996.00,4,1,0,0,1
Regular mensual,440.00,transfer,admin_manual,1,0,0,0,29,-1,0,0.00,0.00,1,5,2315.00,2315.00,18,1,0,0,0
Regular mensual,440.00,cash,admin_manual,0,2,2,1,93,2,0,440.00,0.00,3,11,9699.00,3233.00,14,3,2,0,1
Regular mensual,440.00,card_terminal,admin_manual,0,0,0,0,29,-1,0,0.00,0.00,1,1,599.00,599.00,23,1,0,0,1
Estudiante mensual,356.52,cash,admin_manual,0,2,1,0.5,125,5,1,425.59,-69.07,4,13,6717.00,1679.25,0,3,1,0,0
Regular mensual,440.00,online_checkout,online_checkout,1,0,0,0,29,-1,0,0.00,0.00,0,0,0.00,0.00,-1,1,0,0,0
Regular mensual,414.53,online_checkout,online_checkout,1,0,0,0,29,-1,0,0.00,0.00,1,4,2536.00,2536.00,14,1,0,0,1
Regular mensual,440.00,transfer,admin_manual,0,1,1,1,60,2,0,440.00,0.00,4,12,7528.00,1882.00,10,2,0,1,1
Estudiante mensual,380.00,online_checkout,online_checkout,0,2,1,0.5,126,2,0,410.00,-30.00,3,7,5273.00,1757.67,37,3,2,0,1
Regular mensual,440.00,card_terminal,admin_manual,0,1,0,0,96,38,0,413.03,26.97,4,12,7988.00,1997.00,16,2,1,0,0
Estudiante mensual,380.00,cash,admin_manual,0,1,0,0,92,34,1,413.35,-33.35,0,0,0.00,0.00,-1,2,0,0,0
Regular mensual,440.00,cash,admin_manual,1,1,0,0,94,36,0,440.00,0.00,2,8,5042.00,2521.00,15,2,1,0,1
Regular mensual,408.01,online_checkout,online_checkout,1,1,1,1,63,5,0,403.22,4.79,2,4,4146.00,2073.00,25,2,1,0,0
Regular mensual,440.00,online_checkout,online_checkout,1,0,0,0,29,-1,0,0.00,0.00,1,3,1857.00,1857.00,3,1,0,0,1
Estudiante mensual,337.68,online_checkout,online_checkout,1,0,0,0,29,-1,0,0.00,0.00,1,3,1447.00,1447.00,15,1,1,0,0
Estudiante mensual,380.00,online_checkout,online_checkout,1,2,2,1,94,6,1,440.00,-60.00,3,11,9619.00,3206.33,4,3,0,0,0
Estudiante mensual,380.00,cash,admin_manual,0,3,3,1,125,1,0,400.00,-20.00,4,15,8735.00,2183.75,14,4,1,0,0
Regular mensual,440.00,cash,admin_manual,1,0,0,0,29,-1,0,0.00,0.00,1,3,2127.00,2127.00,19,1,1,0,1
Regular mensual,440.00,online_checkout,online_checkout,1,2,2,1,95,2,0,440.00,0.00,3,7,2203.00,734.33,25,3,2,0,0
Estudiante mensual,380.00,online_checkout,online_checkout,0,1,1,1,62,4,1,440.00,-60.00,1,3,867.00,867.00,52,2,0,1,0
Estudiante mensual,380.00,cash,admin_manual,0,1,0,0,92,34,1,440.00,-60.00,2,7,3093.00,1546.50,2,2,0,0,1
Regular mensual,440.00,cash,admin_manual,0,2,1,0.5,123,1,0,440.00,0.00,2,6,4944.00,2472.00,20,3,0,0,1
Regular mensual,440.00,transfer,admin_manual,0,1,0,0,93,35,0,440.00,0.00,1,3,2097.00,2097.00,92,2,0,1,1
Regular mensual,440.00,online_checkout,online_checkout,1,2,1,0.5,122,33,0,394.26,45.74,2,6,3524.00,1762.00,11,3,0,0,1
Regular mensual,440.00,online_checkout,online_checkout,1,0,0,0,29,-1,0,0.00,0.00,2,9,2531.00,1265.50,4,1,0,0,1
Estudiante mensual,380.00,cash,admin_manual,0,2,1,0.5,121,1,0,365.33,14.67,2,7,2843.00,1421.50,1,3,0,0,1
Estudiante mensual,380.00,cash,admin_manual,1,1,0,0,93,35,0,380.00,0.00,2,6,2344.00,1172.00,23,2,1,0,1
Regular mensual,440.00,online_checkout,online_checkout,0,1,1,1,60,2,0,440.00,0.00,3,11,7359.00,2453.00,22,2,2,0,0
Regular mensual,415.20,online_checkout,online_checkout,0,0,0,0,29,-1,0,0.00,0.00,1,2,1198.00,1198.00,11,1,0,0,1
Estudiante mensual,342.73,transfer,admin_manual,0,2,1,0.5,124,5,0,380.00,-37.27,3,12,6538.00,2179.33,31,3,1,0,0
Estudiante mensual,380.00,cash,admin_manual,0,3,3,1,126,3,0,400.00,-20.00,4,11,5969.00,1492.25,27,4,2,0,1
Regular mensual,440.00,card_terminal,admin_manual,0,0,0,0,29,-1,0,0.00,0.00,4,10,7159.00,1789.75,1,1,0,1,1
Regular mensual,440.00,cash,admin_manual,0,0,0,0,29,-1,0,0.00,0.00,2,7,5523.00,2761.50,2,1,0,0,1
Regular mensual,440.00,online_checkout,online_checkout,1,0,0,0,29,-1,0,0.00,0.00,2,6,3794.00,1897.00,3,1,0,0,1
Regular mensual,440.00,transfer,admin_manual,0,1,0,0,90,32,0,440.00,0.00,3,8,5052.00,1684.00,9,2,0,0,1
Regular mensual,410.56,cash,admin_manual,0,0,0,0,29,-1,0,0.00,0.00,2,5,2295.00,1147.50,2,1,1,0,1
Estudiante mensual,380.00,transfer,admin_manual,0,1,1,1,61,3,1,440.00,-60.00,2,7,4093.00,2046.50,29,2,0,0,1
Estudiante mensual,380.00,cash,admin_manual,0,1,0,0,94,36,1,440.00,-60.00,1,5,4155.00,4155.00,25,2,1,1,1
Estudiante mensual,380.00,transfer,admin_manual,0,2,2,1,96,3,0,397.87,-17.87,4,17,9593.00,2398.25,17,3,0,0,0
Regular mensual,402.10,cash,admin_manual,0,0,0,0,29,-1,0,0.00,0.00,1,2,1048.00,1048.00,10,1,0,0,1
Estudiante mensual,380.00,online_checkout,online_checkout,0,0,0,0,29,-1,0,0.00,0.00,2,8,2402.00,1201.00,14,1,0,0,1
Regular mensual,440.00,card_terminal,admin_manual,0,0,0,0,29,-1,0,0.00,0.00,1,3,1747.00,1747.00,26,1,0,0,1
Regular mensual,440.00,online_checkout,online_checkout,1,1,0,0,94,36,0,440.00,0.00,4,12,9268.00,2317.00,52,2,1,0,1
Regular mensual,440.00,transfer,admin_manual,0,2,1,0.5,125,33,0,440.00,0.00,2,8,4292.00,2146.00,39,3,3,0,1
Regular mensual,440.00,cash,admin_manual,0,0,0,0,29,-1,0,0.00,0.00,2,6,3194.00,1597.00,7,1,0,0,1
Regular mensual,440.00,cash,admin_manual,0,1,0,0,93,35,0,440.00,0.00,2,5,2805.00,1402.50,34,2,1,0,0
Regular mensual,440.00,card_terminal,admin_manual,1,0,0,0,29,-1,0,0.00,0.00,2,7,4073.00,2036.50,1,1,1,0,1
Estudiante mensual,380.00,cash,admin_manual,1,1,1,1,61,3,0,348.03,31.97,3,8,5692.00,1897.33,22,2,1,0,1
Regular mensual,440.00,transfer,admin_manual,0,1,0,0,91,33,0,440.00,0.00,2,4,2546.00,1273.00,25,2,1,0,1
Regular mensual,440.00,cash,admin_manual,1,1,1,1,60,2,0,440.00,0.00,3,7,4893.00,1631.00,17,2,1,0,1
Estudiante mensual,380.00,transfer,admin_manual,0,1,1,1,64,6,0,380.00,0.00,2,5,2375.00,1187.50,7,2,1,0,1
Regular mensual,440.00,cash,admin_manual,1,1,0,0,90,32,0,440.00,0.00,2,5,2935.00,1467.50,42,2,0,0,1
Regular mensual,440.00,card_terminal,admin_manual,0,1,0,0,93,35,0,440.00,0.00,2,9,5841.00,2920.50,12,2,1,0,0
Regular mensual,440.00,cash,admin_manual,0,2,1,0.5,120,1,1,380.00,60.00,3,9,3171.00,1057.00,30,3,1,0,1
Estudiante mensual,380.00,online_checkout,online_checkout,0,0,0,0,29,-1,0,0.00,0.00,1,3,1247.00,1247.00,27,1,0,0,1
Regular mensual,440.00,cash,admin_manual,0,0,0,0,29,-1,0,0.00,0.00,3,10,7070.00,2356.67,9,1,1,0,0
Regular mensual,440.00,transfer,admin_manual,0,0,0,0,29,-1,0,0.00,0.00,1,5,4475.00,4475.00,5,1,1,0,1
Estudiante mensual,380.00,transfer,admin_manual,0,1,0,0,96,38,1,440.00,-60.00,4,13,7857.00,1964.25,65,2,0,0,1
Regular mensual,440.00,cash,admin_manual,0,1,0,0,94,36,0,440.00,0.00,5,19,17210.00,3442.00,13,2,1,0,1
Regular mensual,440.00,online_checkout,online_checkout,0,0,0,0,29,-1,0,0.00,0.00,3,4,2496.00,832.00,1,1,0,0,1
Regular mensual,378.49,cash,admin_manual,0,0,0,0,29,-1,0,0.00,0.00,1,4,3296.00,3296.00,1,1,0,0,1
Regular mensual,440.00,card_terminal,admin_manual,0,1,1,1,63,5,0,440.00,0.00,4,13,6067.00,1516.75,1,2,0,0,1
Regular mensual,440.00,card_terminal,admin_manual,0,1,1,1,64,6,0,440.00,0.00,3,11,7569.00,2523.00,28,2,1,0,0
Regular mensual,440.00,card_terminal,admin_manual,1,1,1,1,60,2,0,440.00,0.00,2,7,4833.00,2416.50,28,2,1,0,1
Estudiante mensual,380.00,cash,admin_manual,0,2,1,0.5,121,2,0,361.06,18.94,1,3,2477.00,2477.00,20,3,0,1,1
Regular mensual,440.00,online_checkout,online_checkout,0,0,0,0,29,-1,0,0.00,0.00,1,3,1847.00,1847.00,0,1,0,0,1
Estudiante mensual,380.00,card_terminal,admin_manual,0,1,0,0,95,37,0,380.00,0.00,4,14,7856.00,1964.00,9,2,0,0,1
Regular mensual,440.00,card_terminal,admin_manual,0,0,0,0,29,-1,0,0.00,0.00,4,13,9687.00,2421.75,10,1,0,0,1
Estudiante mensual,380.00,transfer,admin_manual,0,0,0,0,29,-1,0,0.00,0.00,0,0,0.00,0.00,-1,1,0,0,1
Regular mensual,377.54,cash,admin_manual,0,0,0,0,29,-1,0,0.00,0.00,1,3,727.00,727.00,5,1,0,0,1
Regular mensual,405.49,online_checkout,online_checkout,0,2,2,1,94,5,0,425.42,-19.93,4,13,7467.00,1866.75,14,3,1,0,0
Regular mensual,440.00,online_checkout,online_checkout,1,2,1,0.5,125,1,0,440.00,0.00,1,3,2577.00,2577.00,44,3,0,0,1
Regular mensual,440.00,cash,admin_manual,0,2,2,1,97,5,0,440.00,0.00,2,6,4643.00,2321.50,28,3,1,0,1
Regular mensual,440.00,online_checkout,online_checkout,1,1,0,0,90,32,0,399.83,40.17,3,10,6240.00,2080.00,3,2,0,0,1
Estudiante mensual,380.00,online_checkout,online_checkout,0,2,1,0.5,130,5,0,380.00,0.00,4,10,5970.00,1492.50,12,3,2,0,0
Regular mensual,440.00,cash,admin_manual,1,1,0,0,95,37,0,440.00,0.00,1,2,2098.00,2098.00,86,2,1,0,1
Regular mensual,440.00,card_terminal,admin_manual,1,0,0,0,29,-1,0,0.00,0.00,1,3,897.00,897.00,22,1,1,0,0
Regular mensual,440.00,transfer,admin_manual,0,0,0,0,29,-1,0,0.00,0.00,3,12,7478.00,2492.67,6,1,0,0,0
Regular mensual,440.00,transfer,admin_manual,0,1,0,0,94,36,0,440.00,0.00,4,11,8928.00,2232.00,11,2,0,0,0
Estudiante mensual,380.00,online_checkout,online_checkout,1,2,1,0.5,125,4,0,410.00,-30.00,3,10,9070.00,3023.33,35,3,3,0,1
Regular mensual,440.00,cash,admin_manual,0,0,0,0,29,-1,0,0.00,0.00,2,5,2275.00,1137.50,3,1,0,0,1
Regular mensual,410.26,online_checkout,online_checkout,0,1,0,0,89,31,0,440.00,-29.74,2,7,4323.00,2161.50,48,2,0,0,1
Estudiante mensual,380.00,cash,admin_manual,1,2,1,0.5,126,5,0,368.53,11.47,4,15,8285.00,2071.25,25,3,1,0,0
Estudiante mensual,380.00,card_terminal,admin_manual,0,2,0,0,151,32,1,440.00,-60.00,4,10,4830.00,1207.50,54,3,1,1,0
Regular mensual,440.00,online_checkout,online_checkout,1,2,2,1,98,5,0,440.00,0.00,3,11,6199.00,2066.33,8,3,1,0,1
Estudiante mensual,380.00,online_checkout,online_checkout,0,0,0,0,29,-1,0,0.00,0.00,4,11,7589.00,1897.25,1,1,0,0,1
Estudiante mensual,343.24,transfer,admin_manual,0,1,0,0,95,37,1,440.00,-96.76,2,5,3895.00,1947.50,0,2,1,0,1
Regular mensual,407.85,card_terminal,admin_manual,0,0,0,0,29,-1,0,0.00,0.00,1,3,2097.00,2097.00,16,1,0,0,1
Regular mensual,440.00,online_checkout,online_checkout,0,2,2,1,93,3,0,440.00,0.00,1,4,2976.00,2976.00,36,3,0,0,1
Estudiante mensual,323.48,transfer,admin_manual,0,1,0,0,93,35,0,380.00,-56.52,3,10,6680.00,2226.67,63,2,1,0,0
Estudiante mensual,380.00,online_checkout,online_checkout,1,1,0,0,93,35,0,380.00,0.00,5,14,7676.00,1535.20,19,2,1,0,0
Regular mensual,440.00,cash,admin_manual,0,1,0,0,90,32,0,440.00,0.00,0,0,0.00,0.00,-1,2,1,0,0
Regular mensual,399.67,online_checkout,online_checkout,0,1,1,1,63,5,0,440.00,-40.33,1,3,2247.00,2247.00,3,2,0,0,0
Regular mensual,440.00,online_checkout,online_checkout,1,1,1,1,64,6,0,440.00,0.00,2,4,3446.00,1723.00,13,2,0,0,1
Regular mensual,440.00,online_checkout,online_checkout,0,0,0,0,29,-1,0,0.00,0.00,2,7,3243.00,1621.50,8,1,1,0,1
Estudiante mensual,348.93,transfer,admin_manual,0,1,1,1,59,1,1,440.00,-91.07,4,13,7187.00,1796.75,2,2,1,0,1
Regular mensual,440.00,cash,admin_manual,0,0,0,0,29,-1,0,0.00,0.00,2,7,3363.00,1681.50,2,1,0,0,0
Regular mensual,440.00,online_checkout,online_checkout,1,1,0,0,92,34,0,440.00,0.00,3,10,5480.00,1826.67,17,2,0,0,1
Regular mensual,440.00,card_terminal,admin_manual,0,1,0,0,92,34,0,440.00,0.00,2,7,5443.00,2721.50,8,2,0,0,0
Regular mensual,440.00,transfer,admin_manual,0,0,0,0,29,-1,0,0.00,0.00,0,0,0.00,0.00,-1,1,1,0,0
Regular mensual,440.00,online_checkout,online_checkout,0,1,0,0,96,38,0,440.00,0.00,4,14,7916.00,1979.00,21,2,1,0,0
Regular mensual,440.00,cash,admin_manual,0,1,1,1,59,1,0,374.84,65.16,5,15,8785.00,1757.00,11,2,1,1,1
Regular mensual,440.00,online_checkout,online_checkout,0,2,2,1,98,5,0,410.12,29.88,3,13,6636.00,2212.00,15,3,1,0,1
Estudiante mensual,380.00,online_checkout,online_checkout,0,2,1,0.5,124,2,0,410.00,-30.00,4,8,5793.00,1448.25,22,3,1,0,0
Regular mensual,440.00,online_checkout,online_checkout,0,0,0,0,29,-1,0,0.00,0.00,0,0,0.00,0.00,-1,1,0,0,1
Regular mensual,440.00,cash,admin_manual,0,0,0,0,29,-1,0,0.00,0.00,1,3,1727.00,1727.00,24,1,0,0,1
Regular mensual,440.00,card_terminal,admin_manual,0,0,0,0,29,-1,0,0.00,0.00,2,5,2185.00,1092.50,9,1,0,0,1
Estudiante mensual,380.00,cash,admin_manual,0,1,1,1,60,2,0,380.00,0.00,3,10,7040.00,2346.67,44,2,0,0,1
Regular mensual,440.00,transfer,admin_manual,0,0,0,0,29,-1,0,0.00,0.00,1,4,2626.00,2626.00,13,1,1,0,1
Regular mensual,411.99,cash,admin_manual,0,1,0,0,89,31,0,440.00,-28.01,3,7,3143.00,1047.67,7,2,0,0,0
Regular mensual,440.00,card_terminal,admin_manual,0,2,1,0.5,126,37,0,419.53,20.47,2,5,3495.00,1747.50,17,3,1,0,1
Estudiante mensual,380.00,online_checkout,online_checkout,1,2,2,1,91,3,0,360.57,19.43,2,6,3474.00,1737.00,19,3,1,0,1
Regular mensual,440.00,online_checkout,online_checkout,1,0,0,0,29,-1,0,0.00,0.00,1,2,1598.00,1598.00,8,1,0,0,0
Regular mensual,399.92,transfer,admin_manual,0,1,0,0,90,32,0,440.00,-40.08,5,16,10564.00,2112.80,3,2,1,0,0
Regular mensual,440.00,card_terminal,admin_manual,1,1,1,1,62,4,0,440.00,0.00,2,9,5191.00,2595.50,18,2,0,0,0
Regular mensual,440.00,card_terminal,admin_manual,0,0,0,0,29,-1,0,0.00,0.00,2,6,3194.00,1597.00,3,1,0,0,1
Estudiante mensual,380.00,online_checkout,online_checkout,0,2,1,0.5,125,32,0,410.00,-30.00,3,10,5740.00,1913.33,60,3,2,0,1
Regular mensual,375.53,online_checkout,online_checkout,0,1,1,1,64,6,0,440.00,-64.47,1,3,2277.00,2277.00,40,2,2,0,0
Regular mensual,440.00,card_terminal,admin_manual,1,0,0,0,29,-1,0,0.00,0.00,4,15,9234.00,2308.50,9,1,0,0,1
Estudiante mensual,380.00,transfer,admin_manual,0,1,0,0,91,33,1,377.85,2.15,2,6,5383.00,2691.50,39,2,1,0,1
Regular mensual,440.00,online_checkout,online_checkout,1,1,0,0,94,36,0,414.03,25.97,3,11,5619.00,1873.00,23,2,1,0,1
Regular mensual,440.00,card_terminal,admin_manual,1,2,0,0,149,31,1,362.04,77.96,3,6,5974.00,1991.33,28,3,1,0,0
Estudiante mensual,327.26,transfer,admin_manual,0,2,2,1,93,2,1,440.00,-112.74,3,9,6071.00,2023.67,40,3,1,0,1
Regular mensual,440.00,transfer,admin_manual,0,0,0,0,29,-1,0,0.00,0.00,2,7,2213.00,1106.50,1,1,1,0,0
Regular mensual,440.00,online_checkout,online_checkout,0,0,0,0,29,-1,0,0.00,0.00,2,3,1967.00,983.50,16,1,0,0,1
Regular mensual,398.94,cash,admin_manual,0,0,0,0,29,-1,0,0.00,0.00,3,14,6506.00,2168.67,2,1,0,0,1
Regular mensual,413.21,cash,admin_manual,0,0,0,0,29,-1,0,0.00,0.00,3,9,6961.00,2320.33,8,1,0,0,1
Regular mensual,440.00,online_checkout,online_checkout,1,3,2,0.666667,155,3,0,440.00,0.00,3,9,4411.00,1470.33,11,4,2,0,1
Regular mensual,440.00,card_terminal,admin_manual,0,0,0,0,29,-1,0,0.00,0.00,3,12,8388.00,2796.00,12,1,0,0,1
Regular mensual,440.00,transfer,admin_manual,1,2,0,0,154,35,0,409.36,30.64,2,6,5494.00,2747.00,98,3,2,0,1
Estudiante mensual,380.00,transfer,admin_manual,0,2,2,1,94,3,0,410.00,-30.00,3,7,3453.00,1151.00,27,3,1,0,0
Regular mensual,440.00,transfer,admin_manual,0,1,0,0,96,38,0,440.00,0.00,3,8,3092.00,1030.67,7,2,1,0,1
Estudiante mensual,380.00,transfer,admin_manual,0,3,2,0.666667,156,2,0,390.88,-10.88,2,5,3245.00,1622.50,64,4,2,0,0
Regular mensual,440.00,transfer,admin_manual,0,1,0,0,90,32,0,440.00,0.00,4,13,6377.00,1594.25,4,2,1,0,1
Estudiante mensual,380.00,transfer,admin_manual,0,2,1,0.5,126,37,1,440.00,-60.00,1,3,1317.00,1317.00,52,3,1,0,1
Regular mensual,376.36,transfer,admin_manual,1,1,0,0,92,34,0,440.00,-63.64,2,5,2135.00,1067.50,82,2,0,1,0
Regular mensual,440.00,transfer,admin_manual,1,1,0,0,89,31,0,440.00,0.00,2,4,1696.00,848.00,25,2,0,0,1
Regular mensual,440.00,cash,admin_manual,0,2,1,0.5,120,2,0,440.00,0.00,4,13,7177.00,1794.25,17,3,1,0,1
Regular mensual,403.12,cash,admin_manual,0,0,0,0,29,-1,0,0.00,0.00,2,6,3344.00,1672.00,15,1,0,0,1
Regular mensual,440.00,card_terminal,admin_manual,0,3,3,1,123,5,0,400.00,40.00,5,15,9675.00,1935.00,35,4,0,0,1
Estudiante mensual,380.00,transfer,admin_manual,0,2,1,0.5,120,1,0,410.00,-30.00,2,6,3774.00,1887.00,12,3,2,0,1
Regular mensual,440.00,transfer,admin_manual,0,1,1,1,61,3,0,440.00,0.00,1,4,3826.00,3826.00,44,2,1,0,0
Regular mensual,440.00,cash,admin_manual,0,2,2,1,93,4,0,440.00,0.00,4,11,9189.00,2297.25,8,3,1,0,1
Estudiante mensual,380.00,online_checkout,online_checkout,0,4,4,1,156,2,0,372.29,7.71,3,9,6191.00,2063.67,35,5,1,0,0
Regular mensual,440.00,cash,admin_manual,0,0,0,0,29,-1,0,0.00,0.00,1,4,1346.00,1346.00,27,1,0,0,1
Regular mensual,440.00,cash,admin_manual,0,2,1,0.5,125,5,0,440.00,0.00,4,11,6979.00,1744.75,8,3,1,0,1
Regular mensual,440.00,online_checkout,online_checkout,0,0,0,0,29,-1,0,0.00,0.00,3,13,9517.00,3172.33,4,1,0,0,1
Estudiante mensual,380.00,online_checkout,online_checkout,1,0,0,0,29,-1,0,0.00,0.00,4,8,3952.00,988.00,6,1,0,0,0
Regular mensual,440.00,online_checkout,online_checkout,1,1,0,0,93,35,0,440.00,0.00,4,12,7388.00,1847.00,3,2,2,0,0
Regular mensual,440.00,cash,admin_manual,0,2,1,0.5,124,33,0,423.57,16.43,3,11,7729.00,2576.33,18,3,0,0,1
Estudiante mensual,380.00,card_terminal,admin_manual,0,1,1,1,60,2,1,440.00,-60.00,1,2,828.00,828.00,47,2,0,0,1
Regular mensual,440.00,card_terminal,admin_manual,0,1,0,0,89,31,0,440.00,0.00,2,5,3745.00,1872.50,3,2,0,1,1
Regular mensual,440.00,online_checkout,online_checkout,0,0,0,0,29,-1,0,0.00,0.00,2,5,3995.00,1997.50,0,1,0,0,1
Estudiante mensual,323.36,card_terminal,admin_manual,0,1,0,0,95,37,0,380.00,-56.64,3,11,8069.00,2689.67,25,2,1,0,0
Regular mensual,440.00,online_checkout,online_checkout,0,1,0,0,92,34,0,403.34,36.66,2,7,4383.00,2191.50,39,2,1,0,0
Estudiante mensual,347.47,cash,admin_manual,0,2,0,0,150,31,1,440.00,-92.53,2,4,1846.00,923.00,77,3,0,0,1
Regular mensual,385.87,online_checkout,online_checkout,1,3,2,0.666667,158,5,0,408.24,-22.37,3,8,6022.00,2007.33,32,4,1,1,1
Regular mensual,440.00,card_terminal,admin_manual,0,1,1,1,63,5,0,440.00,0.00,4,12,7968.00,1992.00,3,2,1,0,1
Estudiante mensual,380.00,cash,admin_manual,1,0,0,0,29,-1,0,0.00,0.00,1,1,199.00,199.00,25,1,0,0,1
Estudiante mensual,380.00,online_checkout,online_checkout,0,2,1,0.5,127,36,1,410.07,-30.07,3,6,3704.00,1234.67,43,3,2,0,1
Estudiante mensual,380.00,cash,admin_manual,1,2,1,0.5,128,6,0,380.00,0.00,5,16,12294.00,2458.80,0,3,1,0,1
Regular mensual,440.00,cash,admin_manual,0,1,0,0,92,34,0,440.00,0.00,2,7,5993.00,2996.50,15,2,0,0,1
Regular mensual,440.00,card_terminal,admin_manual,0,0,0,0,29,-1,0,0.00,0.00,0,0,0.00,0.00,-1,1,0,0,0
Estudiante mensual,351.41,transfer,admin_manual,0,2,2,1,90,1,1,440.00,-88.59,3,8,4222.00,1407.33,40,3,2,0,0
Estudiante mensual,380.00,online_checkout,online_checkout,0,0,0,0,29,-1,0,0.00,0.00,2,7,4312.00,2156.00,25,1,1,0,0
Estudiante mensual,380.00,cash,admin_manual,1,2,0,0,155,31,1,440.00,-60.00,4,11,5989.00,1497.25,55,3,2,0,0
Regular mensual,440.00,transfer,admin_manual,0,2,2,1,91,2,0,440.00,0.00,2,6,3414.00,1707.00,59,3,0,0,1
Regular mensual,440.00,online_checkout,online_checkout,1,1,0,0,89,31,0,440.00,0.00,3,8,5512.00,1837.33,39,2,0,0,0
Estudiante mensual,349.98,online_checkout,online_checkout,1,3,2,0.666667,154,5,0,420.00,-70.02,3,9,5131.00,1710.33,113,4,2,0,1
Regular mensual,440.00,cash,admin_manual,0,0,0,0,29,-1,0,0.00,0.00,1,3,777.00,777.00,23,1,1,0,1
Regular mensual,440.00,transfer,admin_manual,0,2,2,1,99,6,0,423.90,16.10,2,6,3344.00,1672.00,8,3,2,0,0
Regular mensual,440.00,online_checkout,online_checkout,0,0,0,0,29,-1,0,0.00,0.00,1,3,1897.00,1897.00,12,1,0,0,0
Regular mensual,440.00,transfer,admin_manual,1,2,2,1,94,5,0,440.00,0.00,6,16,8834.00,1472.33,26,3,1,0,0
Regular mensual,440.00,card_terminal,admin_manual,0,1,0,0,91,33,0,440.00,0.00,3,6,3474.00,1158.00,23,2,0,0,1
Regular mensual,440.00,card_terminal,admin_manual,0,2,0,0,158,35,0,440.00,0.00,4,14,5016.00,1254.00,3,3,1,0,1
Regular mensual,378.09,transfer,admin_manual,1,0,0,0,29,-1,0,0.00,0.00,2,7,4562.00,2281.00,15,1,1,0,0
Regular mensual,440.00,card_terminal,admin_manual,1,1,1,1,62,4,0,440.00,0.00,2,8,5222.00,2611.00,32,2,1,0,0
Regular mensual,440.00,cash,admin_manual,0,1,1,1,64,6,0,440.00,0.00,1,5,4025.00,4025.00,28,2,1,0,0
Regular mensual,440.00,online_checkout,online_checkout,0,0,0,0,29,-1,0,0.00,0.00,3,10,5970.00,1990.00,2,1,0,0,0
Estudiante mensual,380.00,online_checkout,online_checkout,0,2,1,0.5,127,34,0,380.00,0.00,4,14,8266.00,2066.50,3,3,2,0,0
Regular mensual,375.09,online_checkout,online_checkout,0,0,0,0,29,-1,0,0.00,0.00,2,5,4525.00,2262.50,14,1,0,0,0
Regular mensual,440.00,online_checkout,online_checkout,0,0,0,0,29,-1,0,0.00,0.00,0,0,0.00,0.00,-1,1,0,0,0
Regular mensual,377.41,online_checkout,online_checkout,1,2,2,1,91,1,1,380.00,-2.59,2,6,6144.00,3072.00,60,3,0,0,0
Regular mensual,440.00,card_terminal,admin_manual,0,1,1,1,64,6,0,440.00,0.00,3,12,8868.00,2956.00,14,2,0,0,0
Regular mensual,440.00,cash,admin_manual,0,2,1,0.5,129,6,0,440.00,0.00,4,10,5700.00,1425.00,45,3,1,0,1
Regular mensual,440.00,cash,admin_manual,0,0,0,0,29,-1,0,0.00,0.00,4,14,10786.00,2696.50,13,1,0,0,0
Regular mensual,440.00,cash,admin_manual,0,2,1,0.5,127,5,0,395.86,44.14,3,10,5080.00,1693.33,38,3,3,0,0
Estudiante mensual,380.00,cash,admin_manual,0,2,2,1,95,6,1,404.81,-24.81,2,6,3424.00,1712.00,33,3,1,0,0
Regular mensual,440.00,card_terminal,admin_manual,1,0,0,0,29,-1,0,0.00,0.00,1,2,898.00,898.00,15,1,1,0,0
Regular mensual,440.00,online_checkout,online_checkout,1,0,0,0,29,-1,0,0.00,0.00,4,11,5769.00,1442.25,4,1,0,0,0
Regular mensual,440.00,cash,admin_manual,0,0,0,0,29,-1,0,0.00,0.00,2,10,4480.00,2240.00,24,1,0,0,1
Estudiante mensual,380.00,transfer,admin_manual,0,0,0,0,29,-1,0,0.00,0.00,4,12,9088.00,2272.00,6,1,1,0,0
Regular mensual,440.00,online_checkout,online_checkout,0,2,1,0.5,125,5,0,410.21,29.79,4,13,6227.00,1556.75,5,3,1,0,0
Regular mensual,440.00,transfer,admin_manual,0,2,0,0,158,33,0,420.65,19.35,3,10,5680.00,1893.33,1,3,1,0,1
Regular mensual,440.00,card_terminal,admin_manual,0,0,0,0,29,-1,0,0.00,0.00,1,4,5296.00,5296.00,21,1,1,0,0
Regular mensual,440.00,cash,admin_manual,1,1,1,1,59,1,0,440.00,0.00,4,12,7987.00,1996.75,13,2,2,0,0
Estudiante mensual,330.21,cash,admin_manual,1,3,2,0.666667,161,5,0,354.41,-24.20,3,8,4042.00,1347.33,29,4,1,0,0
