"id_producto","producto","productType","categoryName","brandName","price","description","features","supplementFlavor","supplementPresentation","supplementServings","apparelSize","apparelColor","apparelMaterial","texto_recomendacion"
1,"Proteína Whey Gold Standard 5 lb","Suplementación","Suplementos","Optimum Nutrition","1299.00","Proteína de suero de alta calidad ideal para el desarrollo muscular y recuperación post-entrenamiento. Se absorbe rápidamente y ayuda a mejorar el rendimiento físico.","[""24 g de proteína por porción"",""Baja en grasas y azúcares"",""Fácil disolución""]","Chocolate","5 lb (2.27 kg)","74 servicios",NULL,NULL,NULL,"Proteína Whey Gold Standard 5 lb Suplementación Suplementos Optimum Nutrition 1299.00 Proteína de suero de alta calidad ideal para el desarrollo muscular y recuperación post-entrenamiento. Se absorbe rápidamente y ayuda a mejorar el rendimiento físico. [""24 g de proteína por porción"",""Baja en grasas y azúcares"",""Fácil disolución""] Chocolate 5 lb (2.27 kg) 74 servicios"
2,"Pre-entreno C4 Original 30 servicios","Suplementación","Suplementos","Cellucor","599.00","Suplemento pre-entrenamiento diseñado para aumentar la energía, resistencia y enfoque durante el ejercicio.","[""Incrementa la energía y concentración"",""Mejora el rendimiento físico""]","Frutas explosivas","195 g","30 servicios",NULL,NULL,NULL,"Pre-entreno C4 Original 30 servicios Suplementación Suplementos Cellucor 599.00 Suplemento pre-entrenamiento diseñado para aumentar la energía, resistencia y enfoque durante el ejercicio. [""Incrementa la energía y concentración"",""Mejora el rendimiento físico""] Frutas explosivas 195 g 30 servicios"
3,"Creatina Monohidratada 300 g","Suplementación","Suplementos","MuscleTech","449.00","Suplemento que mejora la fuerza, potencia y rendimiento en entrenamientos de alta intensidad.","[""Aumenta la fuerza muscular"",""Mejora el rendimiento físico""]","Sin sabor","300 g","60 servicios",NULL,NULL,NULL,"Creatina Monohidratada 300 g Suplementación Suplementos MuscleTech 449.00 Suplemento que mejora la fuerza, potencia y rendimiento en entrenamientos de alta intensidad. [""Aumenta la fuerza muscular"",""Mejora el rendimiento físico""] Sin sabor 300 g 60 servicios"
4,"Playera Training Dry Fit","Ropa","Ropa deportiva","Gymshark","988.00","Playera deportiva diseñada para entrenamientos intensos, con tecnología de secado rápido que mantiene el cuerpo fresco y seco.","[""Tela transpirable""]",NULL,NULL,NULL,"CH, M, G, XL","Negro, Blanco","Poliéster Dry Fit","Playera Training Dry Fit Ropa Ropa deportiva Gymshark 988.00 Playera deportiva diseñada para entrenamientos intensos, con tecnología de secado rápido que mantiene el cuerpo fresco y seco. [""Tela transpirable""] CH, M, G, XL Negro, Blanco Poliéster Dry Fit"
5,"Short Deportivo Performance","Ropa","Ropa deportiva","Gymshark","499.00","Short ligero y flexible diseñado para máxima movilidad en entrenamientos de fuerza o cardio.","[""Tela ligera y elástica"",""Cintura ajustable""]",NULL,NULL,NULL,"CH, M, G, XL","Negro, Gris","Poliéster + Elastano","Short Deportivo Performance Ropa Ropa deportiva Gymshark 499.00 Short ligero y flexible diseñado para máxima movilidad en entrenamientos de fuerza o cardio. [""Tela ligera y elástica"",""Cintura ajustable""] CH, M, G, XL Negro, Gris Poliéster + Elastano"
6,"Guantes de Entrenamiento Pro","Ropa","Accesorios","Harbinger","349.00","Guantes diseñados para mejorar el agarre y proteger las manos durante levantamiento de pesas y rutinas intensas.","[""Antideslizantes"",""Protección para palma""]",NULL,NULL,NULL,"CH, M, G","Negro, Rojo","Cuero sintético + tela transpirable","Guantes de Entrenamiento Pro Ropa Accesorios Harbinger 349.00 Guantes diseñados para mejorar el agarre y proteger las manos durante levantamiento de pesas y rutinas intensas. [""Antideslizantes"",""Protección para palma""] CH, M, G Negro, Rojo Cuero sintético + tela transpirable"
7,"Amino Energy BCAA 270 g","Suplementación","Suplementos","Optimum Nutrition","499.00","Suplemento que combina aminoácidos esenciales con cafeína natural para mejorar energía y recuperación muscular.","[""Contiene BCAA"",""Aporta energía""]","Naranja","270 g","30 servicios",NULL,NULL,NULL,"Amino Energy BCAA 270 g Suplementación Suplementos Optimum Nutrition 499.00 Suplemento que combina aminoácidos esenciales con cafeína natural para mejorar energía y recuperación muscular. [""Contiene BCAA"",""Aporta energía""] Naranja 270 g 30 servicios"
8,"Pre-entreno C4 Ripped","Suplementación","Suplementos","Cellucor","649.00","Ayuda a quemar grasa y mejorar energía.","[""Energía intensa"",""Apoyo a definición""]","Frutas","180 g","30 servicios",NULL,NULL,NULL,"Pre-entreno C4 Ripped Suplementación Suplementos Cellucor 649.00 Ayuda a quemar grasa y mejorar energía. [""Energía intensa"",""Apoyo a definición""] Frutas 180 g 30 servicios"
9,"Playera Fit Training","Ropa","Ropa deportiva","YoungLA","600.00","Playera ajustada que resalta la figura y brinda comodidad en entrenamientos.","[""Corte ajustado"",""Tela elástica"",""Alta durabilidad""]",NULL,NULL,NULL,"CH, M, G","Negro, Blanco","Algodón + Elastano","Playera Fit Training Ropa Ropa deportiva YoungLA 600.00 Playera ajustada que resalta la figura y brinda comodidad en entrenamientos. [""Corte ajustado"",""Tela elástica"",""Alta durabilidad""] CH, M, G Negro, Blanco Algodón + Elastano"
84,"Gymshark Apex Training Tee Negro","Ropa","Ropa deportiva","Gymshark","549.00","Playera deportiva ligera para entrenamiento de fuerza","[]",NULL,NULL,NULL,"M","Negro","Poliester","Gymshark Apex Training Tee Negro Ropa Ropa deportiva Gymshark 549.00 Playera deportiva ligera para entrenamiento de fuerza [] M Negro Poliester"
85,"Gymshark Apex Training Tee Blanco","Ropa","Ropa deportiva","Gymshark","549.00","Playera deportiva ligera para sesiones intensas","[]",NULL,NULL,NULL,"G","Blanco","Poliester","Gymshark Apex Training Tee Blanco Ropa Ropa deportiva Gymshark 549.00 Playera deportiva ligera para sesiones intensas [] G Blanco Poliester"
86,"Gymshark Crest Hoodie Gris","Ropa","Ropa deportiva","Gymshark","1199.00","Sudadera deportiva para calentamiento y uso casual","[]",NULL,NULL,NULL,"M","Gris","Algodon","Gymshark Crest Hoodie Gris Ropa Ropa deportiva Gymshark 1199.00 Sudadera deportiva para calentamiento y uso casual [] M Gris Algodon"
87,"Gymshark Legacy Tank Azul","Ropa","Ropa deportiva","Gymshark","499.00","Tank top de corte atletico para gimnasio","[]",NULL,NULL,NULL,"M","Azul","Algodon","Gymshark Legacy Tank Azul Ropa Ropa deportiva Gymshark 499.00 Tank top de corte atletico para gimnasio [] M Azul Algodon"
88,"Gymshark Arrival Shorts Negro","Ropa","Ropa deportiva","Gymshark","699.00","Short ligero con secado rapido para entrenamiento","[]",NULL,NULL,NULL,"M","Negro","Poliester","Gymshark Arrival Shorts Negro Ropa Ropa deportiva Gymshark 699.00 Short ligero con secado rapido para entrenamiento [] M Negro Poliester"
89,"Gymshark Sport Jogger Gris Oxford","Ropa","Ropa deportiva","Gymshark","1099.00","Jogger deportivo comodo para entrenamiento diario","[]",NULL,NULL,NULL,"G","Gris","Algodon","Gymshark Sport Jogger Gris Oxford Ropa Ropa deportiva Gymshark 1099.00 Jogger deportivo comodo para entrenamiento diario [] G Gris Algodon"
90,"Gymshark Vital Seamless Top Verde","Ropa","Ropa deportiva","Gymshark","799.00","Top deportivo ajustado para movilidad completa","[]",NULL,NULL,NULL,"CH","Verde","Nylon","Gymshark Vital Seamless Top Verde Ropa Ropa deportiva Gymshark 799.00 Top deportivo ajustado para movilidad completa [] CH Verde Nylon"
91,"Gymshark Adapt Leggings Negro","Ropa","Ropa deportiva","Gymshark","999.00","Leggings de soporte para entrenamiento funcional","[]",NULL,NULL,NULL,"M","Negro","Nylon","Gymshark Adapt Leggings Negro Ropa Ropa deportiva Gymshark 999.00 Leggings de soporte para entrenamiento funcional [] M Negro Nylon"
92,"Gymshark Power Sports Bra Rosa","Ropa","Ropa deportiva","Gymshark","649.00","Sujetador deportivo de soporte medio","[]",NULL,NULL,NULL,"M","Rosa","Nylon","Gymshark Power Sports Bra Rosa Ropa Ropa deportiva Gymshark 649.00 Sujetador deportivo de soporte medio [] M Rosa Nylon"
93,"Gymshark Training Zip Jacket Azul Marino","Ropa","Ropa deportiva","Gymshark","1299.00","Chamarra ligera para entrada y salida del gimnasio","[]",NULL,NULL,NULL,"G","Azul Marino","Poliester","Gymshark Training Zip Jacket Azul Marino Ropa Ropa deportiva Gymshark 1299.00 Chamarra ligera para entrada y salida del gimnasio [] G Azul Marino Poliester"
94,"Gymshark Lift Club Tee Verde Olivo","Ropa","Ropa deportiva","Gymshark","579.00","Playera casual deportiva con corte regular","[]",NULL,NULL,NULL,"M","Verde Olivo","Algodon","Gymshark Lift Club Tee Verde Olivo Ropa Ropa deportiva Gymshark 579.00 Playera casual deportiva con corte regular [] M Verde Olivo Algodon"
95,"Gymshark Rest Day Oversized Tee Beige","Ropa","Ropa deportiva","Gymshark","599.00","Playera amplia para descanso y uso diario","[]",NULL,NULL,NULL,"G","Beige","Algodon","Gymshark Rest Day Oversized Tee Beige Ropa Ropa deportiva Gymshark 599.00 Playera amplia para descanso y uso diario [] G Beige Algodon"
96,"Gymshark Critical Drop Arm Tank Negro","Ropa","Ropa deportiva","Gymshark","529.00","Tank sin mangas para hombro libre","[]",NULL,NULL,NULL,"M","Negro","Algodon","Gymshark Critical Drop Arm Tank Negro Ropa Ropa deportiva Gymshark 529.00 Tank sin mangas para hombro libre [] M Negro Algodon"
97,"Gymshark Lightweight Training Pants Gris","Ropa","Ropa deportiva","Gymshark","1149.00","Pantalon ligero para entrenamientos mixtos","[]",NULL,NULL,NULL,"G","Gris","Poliester","Gymshark Lightweight Training Pants Gris Ropa Ropa deportiva Gymshark 1149.00 Pantalon ligero para entrenamientos mixtos [] G Gris Poliester"
98,"Gymshark Everyday Baselayer Blanco","Ropa","Ropa deportiva","Gymshark","689.00","Capa base deportiva transpirable","[]",NULL,NULL,NULL,"M","Blanco","Poliester","Gymshark Everyday Baselayer Blanco Ropa Ropa deportiva Gymshark 689.00 Capa base deportiva transpirable [] M Blanco Poliester"
99,"Gymshark Performance Long Sleeve Negro","Ropa","Ropa deportiva","Gymshark","749.00","Manga larga deportiva para clima fresco","[]",NULL,NULL,NULL,"G","Negro","Poliester","Gymshark Performance Long Sleeve Negro Ropa Ropa deportiva Gymshark 749.00 Manga larga deportiva para clima fresco [] G Negro Poliester"
100,"Gymshark Mesh Training Tank Rojo","Ropa","Ropa deportiva","Gymshark","459.00","Tank con paneles de ventilacion para cardio","[]",NULL,NULL,NULL,"M","Rojo","Poliester","Gymshark Mesh Training Tank Rojo Ropa Ropa deportiva Gymshark 459.00 Tank con paneles de ventilacion para cardio [] M Rojo Poliester"
101,"YoungLA Block Party Tee Negro","Ropa","Ropa deportiva","YoungLA","599.00","Playera deportiva de corte urbano para gimnasio","[]",NULL,NULL,NULL,"M","Negro","Algodon","YoungLA Block Party Tee Negro Ropa Ropa deportiva YoungLA 599.00 Playera deportiva de corte urbano para gimnasio [] M Negro Algodon"
102,"YoungLA Pump Cover Tee Blanco","Ropa","Ropa deportiva","YoungLA","629.00","Playera amplia para entrenamiento pesado","[]",NULL,NULL,NULL,"G","Blanco","Algodon","YoungLA Pump Cover Tee Blanco Ropa Ropa deportiva YoungLA 629.00 Playera amplia para entrenamiento pesado [] G Blanco Algodon"
103,"YoungLA Immortal Joggers Gris","Ropa","Ropa deportiva","YoungLA","1199.00","Joggers resistentes para entrenamiento y calle","[]",NULL,NULL,NULL,"M","Gris","Algodon","YoungLA Immortal Joggers Gris Ropa Ropa deportiva YoungLA 1199.00 Joggers resistentes para entrenamiento y calle [] M Gris Algodon"
104,"YoungLA Perfect Shorts Azul","Ropa","Ropa deportiva","YoungLA","749.00","Short deportivo versatil para pesas y cardio","[]",NULL,NULL,NULL,"M","Azul","Poliester","YoungLA Perfect Shorts Azul Ropa Ropa deportiva YoungLA 749.00 Short deportivo versatil para pesas y cardio [] M Azul Poliester"
105,"YoungLA Compression Tee Rojo","Ropa","Ropa deportiva","YoungLA","699.00","Playera de compresion para soporte muscular","[]",NULL,NULL,NULL,"M","Rojo","Nylon","YoungLA Compression Tee Rojo Ropa Ropa deportiva YoungLA 699.00 Playera de compresion para soporte muscular [] M Rojo Nylon"
106,"YoungLA Varsity Hoodie Verde","Ropa","Ropa deportiva","YoungLA","1299.00","Sudadera con capucha de estilo deportivo","[]",NULL,NULL,NULL,"G","Verde","Algodon","YoungLA Varsity Hoodie Verde Ropa Ropa deportiva YoungLA 1299.00 Sudadera con capucha de estilo deportivo [] G Verde Algodon"
107,"YoungLA Training Stringer Negro","Ropa","Ropa deportiva","YoungLA","499.00","Stringer para entrenamiento de espalda y pecho","[]",NULL,NULL,NULL,"M","Negro","Algodon","YoungLA Training Stringer Negro Ropa Ropa deportiva YoungLA 499.00 Stringer para entrenamiento de espalda y pecho [] M Negro Algodon"
108,"YoungLA Core Tank Blanco","Ropa","Ropa deportiva","YoungLA","479.00","Tank top ligero para uso diario en gimnasio","[]",NULL,NULL,NULL,"M","Blanco","Algodon","YoungLA Core Tank Blanco Ropa Ropa deportiva YoungLA 479.00 Tank top ligero para uso diario en gimnasio [] M Blanco Algodon"
109,"YoungLA Ribbed Leggings Negro","Ropa","Ropa deportiva","YoungLA","899.00","Leggings acanalados para entrenamiento de pierna","[]",NULL,NULL,NULL,"M","Negro","Nylon","YoungLA Ribbed Leggings Negro Ropa Ropa deportiva YoungLA 899.00 Leggings acanalados para entrenamiento de pierna [] M Negro Nylon"
110,"YoungLA Minimal Sports Bra Lila","Ropa","Ropa deportiva","YoungLA","649.00","Sujetador deportivo minimalista de soporte medio","[]",NULL,NULL,NULL,"CH","Lila","Nylon","YoungLA Minimal Sports Bra Lila Ropa Ropa deportiva YoungLA 649.00 Sujetador deportivo minimalista de soporte medio [] CH Lila Nylon"
111,"YoungLA Lift Shorts Gris","Ropa","Ropa deportiva","YoungLA","779.00","Short con pretina comoda para levantamiento","[]",NULL,NULL,NULL,"M","Gris","Poliester","YoungLA Lift Shorts Gris Ropa Ropa deportiva YoungLA 779.00 Short con pretina comoda para levantamiento [] M Gris Poliester"
112,"YoungLA Motion Jacket Negro","Ropa","Ropa deportiva","YoungLA","1399.00","Chamarra deportiva ligera con cierre frontal","[]",NULL,NULL,NULL,"G","Negro","Poliester","YoungLA Motion Jacket Negro Ropa Ropa deportiva YoungLA 1399.00 Chamarra deportiva ligera con cierre frontal [] G Negro Poliester"
113,"YoungLA Thermal Long Sleeve Azul Marino","Ropa","Ropa deportiva","YoungLA","799.00","Manga larga termica para entrenamiento exterior","[]",NULL,NULL,NULL,"G","Azul Marino","Poliester","YoungLA Thermal Long Sleeve Azul Marino Ropa Ropa deportiva YoungLA 799.00 Manga larga termica para entrenamiento exterior [] G Azul Marino Poliester"
114,"YoungLA Classic Cutoff Verde Olivo","Ropa","Ropa deportiva","YoungLA","529.00","Camiseta sin mangas de corte clasico","[]",NULL,NULL,NULL,"M","Verde Olivo","Algodon","YoungLA Classic Cutoff Verde Olivo Ropa Ropa deportiva YoungLA 529.00 Camiseta sin mangas de corte clasico [] M Verde Olivo Algodon"
115,"YoungLA Performance Polo Negro","Ropa","Ropa deportiva","YoungLA","849.00","Polo deportivo transpirable para uso casual activo","[]",NULL,NULL,NULL,"G","Negro","Poliester","YoungLA Performance Polo Negro Ropa Ropa deportiva YoungLA 849.00 Polo deportivo transpirable para uso casual activo [] G Negro Poliester"
116,"YoungLA Essential Sweatpants Gris","Ropa","Ropa deportiva","YoungLA","1099.00","Pants deportivo suave para descanso y movilidad","[]",NULL,NULL,NULL,"M","Gris","Algodon","YoungLA Essential Sweatpants Gris Ropa Ropa deportiva YoungLA 1099.00 Pants deportivo suave para descanso y movilidad [] M Gris Algodon"
117,"Adidas Designed 4 Training Tee Negro","Ropa","Ropa deportiva","Adidas","599.00","Playera deportiva transpirable para gimnasio","[]",NULL,NULL,NULL,"M","Negro","Poliester","Adidas Designed 4 Training Tee Negro Ropa Ropa deportiva Adidas 599.00 Playera deportiva transpirable para gimnasio [] M Negro Poliester"
118,"Adidas Techfit Compression Shirt Blanco","Ropa","Ropa deportiva","Adidas","799.00","Camiseta de compresion para entrenamiento intenso","[]",NULL,NULL,NULL,"M","Blanco","Poliester","Adidas Techfit Compression Shirt Blanco Ropa Ropa deportiva Adidas 799.00 Camiseta de compresion para entrenamiento intenso [] M Blanco Poliester"
119,"Adidas Train Essentials Shorts Azul","Ropa","Ropa deportiva","Adidas","699.00","Short deportivo de secado rapido","[]",NULL,NULL,NULL,"G","Azul","Poliester","Adidas Train Essentials Shorts Azul Ropa Ropa deportiva Adidas 699.00 Short deportivo de secado rapido [] G Azul Poliester"
120,"Adidas Own The Run Tee Verde","Ropa","Ropa deportiva","Adidas","649.00","Playera ligera para correr y entrenar","[]",NULL,NULL,NULL,"M","Verde","Poliester","Adidas Own The Run Tee Verde Ropa Ropa deportiva Adidas 649.00 Playera ligera para correr y entrenar [] M Verde Poliester"
121,"Adidas Aeroready Tank Negro","Ropa","Ropa deportiva","Adidas","549.00","Tank deportivo con tecnologia transpirable","[]",NULL,NULL,NULL,"M","Negro","Poliester","Adidas Aeroready Tank Negro Ropa Ropa deportiva Adidas 549.00 Tank deportivo con tecnologia transpirable [] M Negro Poliester"
122,"Adidas Essentials Hoodie Gris","Ropa","Ropa deportiva","Adidas","1199.00","Sudadera basica para entrenamiento y descanso","[]",NULL,NULL,NULL,"G","Gris","Algodon","Adidas Essentials Hoodie Gris Ropa Ropa deportiva Adidas 1199.00 Sudadera basica para entrenamiento y descanso [] G Gris Algodon"
123,"Adidas Tiro Training Pants Negro","Ropa","Ropa deportiva","Adidas","999.00","Pantalon deportivo con ajuste moderno","[]",NULL,NULL,NULL,"M","Negro","Poliester","Adidas Tiro Training Pants Negro Ropa Ropa deportiva Adidas 999.00 Pantalon deportivo con ajuste moderno [] M Negro Poliester"
124,"Adidas Powerreact Sports Bra Rosa","Ropa","Ropa deportiva","Adidas","749.00","Sujetador deportivo de soporte para impacto medio","[]",NULL,NULL,NULL,"M","Rosa","Nylon","Adidas Powerreact Sports Bra Rosa Ropa Ropa deportiva Adidas 749.00 Sujetador deportivo de soporte para impacto medio [] M Rosa Nylon"
125,"Adidas Optime Training Leggings Morado","Ropa","Ropa deportiva","Adidas","999.00","Leggings de alto soporte para entrenamiento","[]",NULL,NULL,NULL,"M","Morado","Nylon","Adidas Optime Training Leggings Morado Ropa Ropa deportiva Adidas 999.00 Leggings de alto soporte para entrenamiento [] M Morado Nylon"
126,"Adidas Entrada Jacket Azul Marino","Ropa","Ropa deportiva","Adidas","1099.00","Chamarra deportiva ligera con cierre completo","[]",NULL,NULL,NULL,"G","Azul Marino","Poliester","Adidas Entrada Jacket Azul Marino Ropa Ropa deportiva Adidas 1099.00 Chamarra deportiva ligera con cierre completo [] G Azul Marino Poliester"
127,"Adidas Strength Graphic Tee Rojo","Ropa","Ropa deportiva","Adidas","579.00","Playera grafica para entrenamiento de fuerza","[]",NULL,NULL,NULL,"M","Rojo","Algodon","Adidas Strength Graphic Tee Rojo Ropa Ropa deportiva Adidas 579.00 Playera grafica para entrenamiento de fuerza [] M Rojo Algodon"
128,"Adidas Yoga Studio Tee Blanco","Ropa","Ropa deportiva","Adidas","629.00","Playera suave para movilidad y yoga","[]",NULL,NULL,NULL,"CH","Blanco","Algodon","Adidas Yoga Studio Tee Blanco Ropa Ropa deportiva Adidas 629.00 Playera suave para movilidad y yoga [] CH Blanco Algodon"
129,"Adidas HIIT Training Shorts Negro","Ropa","Ropa deportiva","Adidas","749.00","Short para sesiones de alta intensidad","[]",NULL,NULL,NULL,"M","Negro","Poliester","Adidas HIIT Training Shorts Negro Ropa Ropa deportiva Adidas 749.00 Short para sesiones de alta intensidad [] M Negro Poliester"
130,"Adidas ZNE Sweatshirt Gris","Ropa","Ropa deportiva","Adidas","1299.00","Sudadera premium para recuperacion y viaje","[]",NULL,NULL,NULL,"G","Gris","Algodon","Adidas ZNE Sweatshirt Gris Ropa Ropa deportiva Adidas 1299.00 Sudadera premium para recuperacion y viaje [] G Gris Algodon"
131,"Adidas Training Long Sleeve Verde Olivo","Ropa","Ropa deportiva","Adidas","759.00","Manga larga deportiva para clima fresco","[]",NULL,NULL,NULL,"M","Verde Olivo","Poliester","Adidas Training Long Sleeve Verde Olivo Ropa Ropa deportiva Adidas 759.00 Manga larga deportiva para clima fresco [] M Verde Olivo Poliester"
132,"Adidas Primeblue Track Pants Azul","Ropa","Ropa deportiva","Adidas","1049.00","Pants deportivo con tejido reciclado","[]",NULL,NULL,NULL,"G","Azul","Poliester","Adidas Primeblue Track Pants Azul Ropa Ropa deportiva Adidas 1049.00 Pants deportivo con tejido reciclado [] G Azul Poliester"
133,"Adidas Core Cotton Tank Negro","Ropa","Ropa deportiva","Adidas","499.00","Tank basico de algodon para gimnasio","[]",NULL,NULL,NULL,"M","Negro","Algodon","Adidas Core Cotton Tank Negro Ropa Ropa deportiva Adidas 499.00 Tank basico de algodon para gimnasio [] M Negro Algodon"
134,"Optimum Nutrition Whey Gold Double Chocolate 2 lb","Suplementación","Suplementos","Optimum Nutrition","899.00","Proteina de suero para recuperacion muscular","[]","Chocolate","2 lb","29 servicios",NULL,NULL,NULL,"Optimum Nutrition Whey Gold Double Chocolate 2 lb Suplementación Suplementos Optimum Nutrition 899.00 Proteina de suero para recuperacion muscular [] Chocolate 2 lb 29 servicios"
135,"Optimum Nutrition Whey Gold Vanilla Ice Cream 2 lb","Suplementación","Suplementos","Optimum Nutrition","899.00","Proteina de suero sabor vainilla para uso diario","[]","Vainilla","2 lb","29 servicios",NULL,NULL,NULL,"Optimum Nutrition Whey Gold Vanilla Ice Cream 2 lb Suplementación Suplementos Optimum Nutrition 899.00 Proteina de suero sabor vainilla para uso diario [] Vainilla 2 lb 29 servicios"
136,"Optimum Nutrition Whey Gold Cookies Cream 5 lb","Suplementación","Suplementos","Optimum Nutrition","1699.00","Proteina whey en presentacion familiar","[]","Cookies Cream","5 lb","74 servicios",NULL,NULL,NULL,"Optimum Nutrition Whey Gold Cookies Cream 5 lb Suplementación Suplementos Optimum Nutrition 1699.00 Proteina whey en presentacion familiar [] Cookies Cream 5 lb 74 servicios"
137,"Optimum Nutrition Serious Mass Chocolate 6 lb","Suplementación","Suplementos","Optimum Nutrition","1199.00","Ganador de masa para aumento calorico","[]","Chocolate","6 lb","16 servicios",NULL,NULL,NULL,"Optimum Nutrition Serious Mass Chocolate 6 lb Suplementación Suplementos Optimum Nutrition 1199.00 Ganador de masa para aumento calorico [] Chocolate 6 lb 16 servicios"
138,"Optimum Nutrition Micronized Creatine 300 g","Suplementación","Suplementos","Optimum Nutrition","549.00","Creatina monohidratada micronizada","[]","Sin sabor","300 g","60 servicios",NULL,NULL,NULL,"Optimum Nutrition Micronized Creatine 300 g Suplementación Suplementos Optimum Nutrition 549.00 Creatina monohidratada micronizada [] Sin sabor 300 g 60 servicios"
139,"Optimum Nutrition Amino Energy Watermelon 270 g","Suplementación","Suplementos","Optimum Nutrition","649.00","Aminoacidos con cafeina para energia","[]","Sandia","270 g","30 servicios",NULL,NULL,NULL,"Optimum Nutrition Amino Energy Watermelon 270 g Suplementación Suplementos Optimum Nutrition 649.00 Aminoacidos con cafeina para energia [] Sandia 270 g 30 servicios"
140,"Optimum Nutrition Amino Energy Blue Raspberry 270 g","Suplementación","Suplementos","Optimum Nutrition","649.00","Aminoacidos esenciales para entrenamiento","[]","Frambuesa Azul","270 g","30 servicios",NULL,NULL,NULL,"Optimum Nutrition Amino Energy Blue Raspberry 270 g Suplementación Suplementos Optimum Nutrition 649.00 Aminoacidos esenciales para entrenamiento [] Frambuesa Azul 270 g 30 servicios"
141,"Optimum Nutrition Gold Standard Pre Workout Fruit Punch","Suplementación","Suplementos","Optimum Nutrition","699.00","Pre entreno para enfoque y energia","[]","Fruit Punch","330 g","30 servicios",NULL,NULL,NULL,"Optimum Nutrition Gold Standard Pre Workout Fruit Punch Suplementación Suplementos Optimum Nutrition 699.00 Pre entreno para enfoque y energia [] Fruit Punch 330 g 30 servicios"
142,"Optimum Nutrition Casein Chocolate Supreme 2 lb","Suplementación","Suplementos","Optimum Nutrition","999.00","Proteina de lenta absorcion para noche","[]","Chocolate","2 lb","24 servicios",NULL,NULL,NULL,"Optimum Nutrition Casein Chocolate Supreme 2 lb Suplementación Suplementos Optimum Nutrition 999.00 Proteina de lenta absorcion para noche [] Chocolate 2 lb 24 servicios"
143,"Optimum Nutrition Glutamine Powder 300 g","Suplementación","Suplementos","Optimum Nutrition","599.00","Glutamina en polvo para recuperacion","[]","Sin sabor","300 g","60 servicios",NULL,NULL,NULL,"Optimum Nutrition Glutamine Powder 300 g Suplementación Suplementos Optimum Nutrition 599.00 Glutamina en polvo para recuperacion [] Sin sabor 300 g 60 servicios"
144,"Optimum Nutrition BCAA 1000 Caps 200 caps","Suplementación","Suplementos","Optimum Nutrition","549.00","Aminoacidos BCAA en capsulas","[]","Sin sabor","200 capsulas","100 servicios",NULL,NULL,NULL,"Optimum Nutrition BCAA 1000 Caps 200 caps Suplementación Suplementos Optimum Nutrition 549.00 Aminoacidos BCAA en capsulas [] Sin sabor 200 capsulas 100 servicios"
145,"Optimum Nutrition Fish Oil 100 caps","Suplementación","Suplementos","Optimum Nutrition","329.00","Omega 3 en capsulas para bienestar general","[]","Sin sabor","100 capsulas","100 servicios",NULL,NULL,NULL,"Optimum Nutrition Fish Oil 100 caps Suplementación Suplementos Optimum Nutrition 329.00 Omega 3 en capsulas para bienestar general [] Sin sabor 100 capsulas 100 servicios"
146,"Optimum Nutrition Opti Men 90 tabs","Suplementación","Suplementos","Optimum Nutrition","479.00","Multivitaminico para hombres activos","[]","Sin sabor","90 tabletas","30 servicios",NULL,NULL,NULL,"Optimum Nutrition Opti Men 90 tabs Suplementación Suplementos Optimum Nutrition 479.00 Multivitaminico para hombres activos [] Sin sabor 90 tabletas 30 servicios"
147,"Optimum Nutrition Opti Women 60 caps","Suplementación","Suplementos","Optimum Nutrition","429.00","Multivitaminico para mujeres activas","[]","Sin sabor","60 capsulas","30 servicios",NULL,NULL,NULL,"Optimum Nutrition Opti Women 60 caps Suplementación Suplementos Optimum Nutrition 429.00 Multivitaminico para mujeres activas [] Sin sabor 60 capsulas 30 servicios"
148,"Optimum Nutrition Hydrowhey Turbo Chocolate 1.6 lb","Suplementación","Suplementos","Optimum Nutrition","1299.00","Proteina hidrolizada de rapida absorcion","[]","Chocolate","1.6 lb","20 servicios",NULL,NULL,NULL,"Optimum Nutrition Hydrowhey Turbo Chocolate 1.6 lb Suplementación Suplementos Optimum Nutrition 1299.00 Proteina hidrolizada de rapida absorcion [] Chocolate 1.6 lb 20 servicios"
149,"Optimum Nutrition Plant Protein Vanilla 1.5 lb","Suplementación","Suplementos","Optimum Nutrition","849.00","Proteina vegetal para dieta activa","[]","Vainilla","1.5 lb","20 servicios",NULL,NULL,NULL,"Optimum Nutrition Plant Protein Vanilla 1.5 lb Suplementación Suplementos Optimum Nutrition 849.00 Proteina vegetal para dieta activa [] Vainilla 1.5 lb 20 servicios"
150,"Optimum Nutrition Electrolyte Mix Lemon Lime","Suplementación","Suplementos","Optimum Nutrition","399.00","Mezcla de electrolitos para hidratacion","[]","Limon","240 g","30 servicios",NULL,NULL,NULL,"Optimum Nutrition Electrolyte Mix Lemon Lime Suplementación Suplementos Optimum Nutrition 399.00 Mezcla de electrolitos para hidratacion [] Limon 240 g 30 servicios"
151,"MuscleTech NitroTech Chocolate 4 lb","Suplementación","Suplementos","MuscleTech","1499.00","Proteina whey con creatina para fuerza","[]","Chocolate","4 lb","40 servicios",NULL,NULL,NULL,"MuscleTech NitroTech Chocolate 4 lb Suplementación Suplementos MuscleTech 1499.00 Proteina whey con creatina para fuerza [] Chocolate 4 lb 40 servicios"
152,"MuscleTech NitroTech Vanilla 4 lb","Suplementación","Suplementos","MuscleTech","1499.00","Proteina whey con aminoacidos y creatina","[]","Vainilla","4 lb","40 servicios",NULL,NULL,NULL,"MuscleTech NitroTech Vanilla 4 lb Suplementación Suplementos MuscleTech 1499.00 Proteina whey con aminoacidos y creatina [] Vainilla 4 lb 40 servicios"
153,"MuscleTech Platinum Creatine 400 g","Suplementación","Suplementos","MuscleTech","499.00","Creatina monohidratada pura","[]","Sin sabor","400 g","80 servicios",NULL,NULL,NULL,"MuscleTech Platinum Creatine 400 g Suplementación Suplementos MuscleTech 499.00 Creatina monohidratada pura [] Sin sabor 400 g 80 servicios"
154,"MuscleTech Mass Tech Extreme Chocolate 7 lb","Suplementación","Suplementos","MuscleTech","1399.00","Ganador de masa con proteina y carbohidratos","[]","Chocolate","7 lb","14 servicios",NULL,NULL,NULL,"MuscleTech Mass Tech Extreme Chocolate 7 lb Suplementación Suplementos MuscleTech 1399.00 Ganador de masa con proteina y carbohidratos [] Chocolate 7 lb 14 servicios"
155,"MuscleTech Vapor X5 Fruit Punch","Suplementación","Suplementos","MuscleTech","699.00","Pre entreno con beta alanina y cafeina","[]","Fruit Punch","285 g","30 servicios",NULL,NULL,NULL,"MuscleTech Vapor X5 Fruit Punch Suplementación Suplementos MuscleTech 699.00 Pre entreno con beta alanina y cafeina [] Fruit Punch 285 g 30 servicios"
156,"MuscleTech Amino Build Orange Mango","Suplementación","Suplementos","MuscleTech","649.00","Aminoacidos para recuperacion intra entrenamiento","[]","Naranja Mango","280 g","30 servicios",NULL,NULL,NULL,"MuscleTech Amino Build Orange Mango Suplementación Suplementos MuscleTech 649.00 Aminoacidos para recuperacion intra entrenamiento [] Naranja Mango 280 g 30 servicios"
157,"MuscleTech Clear Muscle 84 caps","Suplementación","Suplementos","MuscleTech","899.00","Formula de rendimiento en capsulas","[]","Sin sabor","84 capsulas","28 servicios",NULL,NULL,NULL,"MuscleTech Clear Muscle 84 caps Suplementación Suplementos MuscleTech 899.00 Formula de rendimiento en capsulas [] Sin sabor 84 capsulas 28 servicios"
158,"MuscleTech Hydroxycut Hardcore 100 caps","Suplementación","Suplementos","MuscleTech","699.00","Termogenico en capsulas para etapa de definicion","[]","Sin sabor","100 capsulas","50 servicios",NULL,NULL,NULL,"MuscleTech Hydroxycut Hardcore 100 caps Suplementación Suplementos MuscleTech 699.00 Termogenico en capsulas para etapa de definicion [] Sin sabor 100 capsulas 50 servicios"
159,"MuscleTech Platinum Multivitamin 90 tabs","Suplementación","Suplementos","MuscleTech","399.00","Multivitaminico para deportistas","[]","Sin sabor","90 tabletas","30 servicios",NULL,NULL,NULL,"MuscleTech Platinum Multivitamin 90 tabs Suplementación Suplementos MuscleTech 399.00 Multivitaminico para deportistas [] Sin sabor 90 tabletas 30 servicios"
160,"MuscleTech Glutamine Plus 300 g","Suplementación","Suplementos","MuscleTech","529.00","Glutamina en polvo para recuperacion diaria","[]","Sin sabor","300 g","60 servicios",NULL,NULL,NULL,"MuscleTech Glutamine Plus 300 g Suplementación Suplementos MuscleTech 529.00 Glutamina en polvo para recuperacion diaria [] Sin sabor 300 g 60 servicios"
161,"MuscleTech EAA Hydration Blue Raspberry","Suplementación","Suplementos","MuscleTech","599.00","Aminoacidos esenciales con electrolitos","[]","Frambuesa Azul","300 g","30 servicios",NULL,NULL,NULL,"MuscleTech EAA Hydration Blue Raspberry Suplementación Suplementos MuscleTech 599.00 Aminoacidos esenciales con electrolitos [] Frambuesa Azul 300 g 30 servicios"
162,"MuscleTech Protein Cookie Chocolate Chip","Suplementación","Suplementos","MuscleTech","69.00","Galleta proteica para snack alto en proteina","[]","Chocolate Chip","92 g","1 servicio",NULL,NULL,NULL,"MuscleTech Protein Cookie Chocolate Chip Suplementación Suplementos MuscleTech 69.00 Galleta proteica para snack alto en proteina [] Chocolate Chip 92 g 1 servicio"
163,"MuscleTech Grass Fed Whey Vanilla 2 lb","Suplementación","Suplementos","MuscleTech","899.00","Proteina whey de origen grass fed","[]","Vainilla","2 lb","26 servicios",NULL,NULL,NULL,"MuscleTech Grass Fed Whey Vanilla 2 lb Suplementación Suplementos MuscleTech 899.00 Proteina whey de origen grass fed [] Vainilla 2 lb 26 servicios"
164,"MuscleTech Collagen Peptides Unflavored 300 g","Suplementación","Suplementos","MuscleTech","649.00","Peptidos de colageno para soporte articular","[]","Sin sabor","300 g","30 servicios",NULL,NULL,NULL,"MuscleTech Collagen Peptides Unflavored 300 g Suplementación Suplementos MuscleTech 649.00 Peptidos de colageno para soporte articular [] Sin sabor 300 g 30 servicios"
165,"MuscleTech Test HD 90 caps","Suplementación","Suplementos","MuscleTech","799.00","Formula de soporte hormonal para adultos","[]","Sin sabor","90 capsulas","30 servicios",NULL,NULL,NULL,"MuscleTech Test HD 90 caps Suplementación Suplementos MuscleTech 799.00 Formula de soporte hormonal para adultos [] Sin sabor 90 capsulas 30 servicios"
166,"MuscleTech 100 Percent Whey Chocolate 5 lb","Suplementación","Suplementos","MuscleTech","1599.00","Proteina whey concentrada para uso diario","[]","Chocolate","5 lb","67 servicios",NULL,NULL,NULL,"MuscleTech 100 Percent Whey Chocolate 5 lb Suplementación Suplementos MuscleTech 1599.00 Proteina whey concentrada para uso diario [] Chocolate 5 lb 67 servicios"
167,"Cellucor C4 Original Icy Blue Razz","Suplementación","Suplementos","Cellucor","699.00","Pre entreno clasico para energia y enfoque","[]","Icy Blue Razz","195 g","30 servicios",NULL,NULL,NULL,"Cellucor C4 Original Icy Blue Razz Suplementación Suplementos Cellucor 699.00 Pre entreno clasico para energia y enfoque [] Icy Blue Razz 195 g 30 servicios"
168,"Cellucor C4 Original Fruit Punch","Suplementación","Suplementos","Cellucor","699.00","Pre entreno con cafeina para rendimiento","[]","Fruit Punch","195 g","30 servicios",NULL,NULL,NULL,"Cellucor C4 Original Fruit Punch Suplementación Suplementos Cellucor 699.00 Pre entreno con cafeina para rendimiento [] Fruit Punch 195 g 30 servicios"
169,"Cellucor C4 Ultimate Cherry Limeade","Suplementación","Suplementos","Cellucor","999.00","Pre entreno avanzado para entrenamientos pesados","[]","Cherry Limeade","420 g","20 servicios",NULL,NULL,NULL,"Cellucor C4 Ultimate Cherry Limeade Suplementación Suplementos Cellucor 999.00 Pre entreno avanzado para entrenamientos pesados [] Cherry Limeade 420 g 20 servicios"
170,"Cellucor C4 Ripped Arctic Snow Cone","Suplementación","Suplementos","Cellucor","799.00","Pre entreno para energia en etapa de corte","[]","Arctic Snow Cone","180 g","30 servicios",NULL,NULL,NULL,"Cellucor C4 Ripped Arctic Snow Cone Suplementación Suplementos Cellucor 799.00 Pre entreno para energia en etapa de corte [] Arctic Snow Cone 180 g 30 servicios"
171,"Cellucor Cor Performance Whey Chocolate","Suplementación","Suplementos","Cellucor","999.00","Proteina whey para recuperacion post entrenamiento","[]","Chocolate","2 lb","28 servicios",NULL,NULL,NULL,"Cellucor Cor Performance Whey Chocolate Suplementación Suplementos Cellucor 999.00 Proteina whey para recuperacion post entrenamiento [] Chocolate 2 lb 28 servicios"
172,"Cellucor Cor Performance Whey Vanilla","Suplementación","Suplementos","Cellucor","999.00","Proteina whey sabor vainilla para batidos","[]","Vainilla","2 lb","28 servicios",NULL,NULL,NULL,"Cellucor Cor Performance Whey Vanilla Suplementación Suplementos Cellucor 999.00 Proteina whey sabor vainilla para batidos [] Vainilla 2 lb 28 servicios"
173,"Cellucor Alpha Amino Lemon Lime","Suplementación","Suplementos","Cellucor","599.00","Aminoacidos e hidratacion para entrenamiento","[]","Limon","270 g","30 servicios",NULL,NULL,NULL,"Cellucor Alpha Amino Lemon Lime Suplementación Suplementos Cellucor 599.00 Aminoacidos e hidratacion para entrenamiento [] Limon 270 g 30 servicios"
174,"Cellucor Creatine Monohydrate 300 g","Suplementación","Suplementos","Cellucor","479.00","Creatina monohidratada para fuerza","[]","Sin sabor","300 g","60 servicios",NULL,NULL,NULL,"Cellucor Creatine Monohydrate 300 g Suplementación Suplementos Cellucor 479.00 Creatina monohidratada para fuerza [] Sin sabor 300 g 60 servicios"
175,"Cellucor Super HD 60 caps","Suplementación","Suplementos","Cellucor","649.00","Termogenico para apoyo en control de peso","[]","Sin sabor","60 capsulas","30 servicios",NULL,NULL,NULL,"Cellucor Super HD 60 caps Suplementación Suplementos Cellucor 649.00 Termogenico para apoyo en control de peso [] Sin sabor 60 capsulas 30 servicios"
176,"Cellucor BCAA Sport Watermelon 270 g","Suplementación","Suplementos","Cellucor","549.00","BCAA para soporte de recuperacion muscular","[]","Sandia","270 g","30 servicios",NULL,NULL,NULL,"Cellucor BCAA Sport Watermelon 270 g Suplementación Suplementos Cellucor 549.00 BCAA para soporte de recuperacion muscular [] Sandia 270 g 30 servicios"
177,"Cellucor Whey Cinnamon Swirl 2 lb","Suplementación","Suplementos","Cellucor","1049.00","Proteina whey sabor canela para batidos","[]","Canela","2 lb","28 servicios",NULL,NULL,NULL,"Cellucor Whey Cinnamon Swirl 2 lb Suplementación Suplementos Cellucor 1049.00 Proteina whey sabor canela para batidos [] Canela 2 lb 28 servicios"
178,"Cellucor C4 Energy Drink Pack 12 piezas","Suplementación","Suplementos","Cellucor","599.00","Bebida energetica lista para tomar","[]","Surtido","12 piezas","12 servicios",NULL,NULL,NULL,"Cellucor C4 Energy Drink Pack 12 piezas Suplementación Suplementos Cellucor 599.00 Bebida energetica lista para tomar [] Surtido 12 piezas 12 servicios"
179,"Cellucor C4 Smart Energy Peach Mango","Suplementación","Suplementos","Cellucor","649.00","Energia y enfoque para dia activo","[]","Durazno Mango","240 g","30 servicios",NULL,NULL,NULL,"Cellucor C4 Smart Energy Peach Mango Suplementación Suplementos Cellucor 649.00 Energia y enfoque para dia activo [] Durazno Mango 240 g 30 servicios"
180,"Cellucor Isolate Protein Chocolate 2 lb","Suplementación","Suplementos","Cellucor","1199.00","Proteina aislada baja en carbohidratos","[]","Chocolate","2 lb","25 servicios",NULL,NULL,NULL,"Cellucor Isolate Protein Chocolate 2 lb Suplementación Suplementos Cellucor 1199.00 Proteina aislada baja en carbohidratos [] Chocolate 2 lb 25 servicios"
181,"Cellucor Hydration Stick Lemon 20 sobres","Suplementación","Suplementos","Cellucor","399.00","Electrolitos en sobres individuales","[]","Limon","20 sobres","20 servicios",NULL,NULL,NULL,"Cellucor Hydration Stick Lemon 20 sobres Suplementación Suplementos Cellucor 399.00 Electrolitos en sobres individuales [] Limon 20 sobres 20 servicios"
182,"Cellucor Post Workout Recovery Berry","Suplementación","Suplementos","Cellucor","699.00","Formula post entrenamiento para recuperacion","[]","Berry","300 g","30 servicios",NULL,NULL,NULL,"Cellucor Post Workout Recovery Berry Suplementación Suplementos Cellucor 699.00 Formula post entrenamiento para recuperacion [] Berry 300 g 30 servicios"
183,"Cellucor CLA 90 Softgels","Suplementación","Suplementos","Cellucor","449.00","CLA en softgels para apoyo de composicion corporal","[]","Sin sabor","90 softgels","45 servicios",NULL,NULL,NULL,"Cellucor CLA 90 Softgels Suplementación Suplementos Cellucor 449.00 CLA en softgels para apoyo de composicion corporal [] Sin sabor 90 softgels 45 servicios"
184,"Harbinger Pro Wristwrap Gloves Negro","Ropa","Accesorios","Harbinger","549.00","Guantes con soporte de muneca para levantamiento","[]",NULL,NULL,NULL,"M","Negro","Cuero sintetico","Harbinger Pro Wristwrap Gloves Negro Ropa Accesorios Harbinger 549.00 Guantes con soporte de muneca para levantamiento [] M Negro Cuero sintetico"
185,"Harbinger Training Grip Gloves Gris","Ropa","Accesorios","Harbinger","449.00","Guantes para mejorar agarre en pesas","[]",NULL,NULL,NULL,"M","Gris","Cuero sintetico","Harbinger Training Grip Gloves Gris Ropa Accesorios Harbinger 449.00 Guantes para mejorar agarre en pesas [] M Gris Cuero sintetico"
186,"Harbinger Power Lifting Belt Negro","Ropa","Accesorios","Harbinger","899.00","Cinturon para soporte lumbar en levantamientos","[]",NULL,NULL,NULL,"M","Negro","Cuero","Harbinger Power Lifting Belt Negro Ropa Accesorios Harbinger 899.00 Cinturon para soporte lumbar en levantamientos [] M Negro Cuero"
187,"Harbinger Padded Cotton Lifting Straps Negro","Ropa","Accesorios","Harbinger","299.00","Correas acolchadas para agarre en peso muerto","[]",NULL,NULL,NULL,"Unica","Negro","Algodon","Harbinger Padded Cotton Lifting Straps Negro Ropa Accesorios Harbinger 299.00 Correas acolchadas para agarre en peso muerto [] Unica Negro Algodon"
188,"Harbinger Figure 8 Lifting Straps Negro","Ropa","Accesorios","Harbinger","399.00","Correas tipo ocho para levantamientos pesados","[]",NULL,NULL,NULL,"Unica","Negro","Poliester","Harbinger Figure 8 Lifting Straps Negro Ropa Accesorios Harbinger 399.00 Correas tipo ocho para levantamientos pesados [] Unica Negro Poliester"
189,"Harbinger Red Line Knee Wraps Rojo","Ropa","Accesorios","Harbinger","499.00","Vendas de rodilla para soporte en sentadilla","[]",NULL,NULL,NULL,"Unica","Rojo","Elastico","Harbinger Red Line Knee Wraps Rojo Ropa Accesorios Harbinger 499.00 Vendas de rodilla para soporte en sentadilla [] Unica Rojo Elastico"
190,"Harbinger Elastic Wrist Wraps Negro","Ropa","Accesorios","Harbinger","349.00","Vendas de muneca con ajuste firme","[]",NULL,NULL,NULL,"Unica","Negro","Elastico","Harbinger Elastic Wrist Wraps Negro Ropa Accesorios Harbinger 349.00 Vendas de muneca con ajuste firme [] Unica Negro Elastico"
191,"Harbinger Foam Core Belt Gris","Ropa","Accesorios","Harbinger","599.00","Cinturon ligero con nucleo de espuma","[]",NULL,NULL,NULL,"G","Gris","Nylon","Harbinger Foam Core Belt Gris Ropa Accesorios Harbinger 599.00 Cinturon ligero con nucleo de espuma [] G Gris Nylon"
192,"Harbinger Durafoam Mat Negro","Ropa","Accesorios","Harbinger","699.00","Tapete para ejercicio de piso y movilidad","[]",NULL,NULL,NULL,"Unica","Negro","Foam","Harbinger Durafoam Mat Negro Ropa Accesorios Harbinger 699.00 Tapete para ejercicio de piso y movilidad [] Unica Negro Foam"
193,"Harbinger Ab Straps Negro","Ropa","Accesorios","Harbinger","499.00","Correas para abdominales colgado en barra","[]",NULL,NULL,NULL,"Unica","Negro","Nylon","Harbinger Ab Straps Negro Ropa Accesorios Harbinger 499.00 Correas para abdominales colgado en barra [] Unica Negro Nylon"
194,"Harbinger Push Up Pro Handles Negro","Ropa","Accesorios","Harbinger","399.00","Manerales para flexiones con agarre estable","[]",NULL,NULL,NULL,"Unica","Negro","Plastico","Harbinger Push Up Pro Handles Negro Ropa Accesorios Harbinger 399.00 Manerales para flexiones con agarre estable [] Unica Negro Plastico"
195,"Harbinger Core Stability Ball Gris","Ropa","Accesorios","Harbinger","549.00","Pelota de estabilidad para core y movilidad","[]",NULL,NULL,NULL,"Unica","Gris","PVC","Harbinger Core Stability Ball Gris Ropa Accesorios Harbinger 549.00 Pelota de estabilidad para core y movilidad [] Unica Gris PVC"
196,"Harbinger Resistance Band Light Amarillo","Ropa","Accesorios","Harbinger","199.00","Banda de resistencia ligera para activacion","[]",NULL,NULL,NULL,"Unica","Amarillo","Latex","Harbinger Resistance Band Light Amarillo Ropa Accesorios Harbinger 199.00 Banda de resistencia ligera para activacion [] Unica Amarillo Latex"
197,"Harbinger Resistance Band Medium Rojo","Ropa","Accesorios","Harbinger","249.00","Banda de resistencia media para entrenamiento funcional","[]",NULL,NULL,NULL,"Unica","Rojo","Latex","Harbinger Resistance Band Medium Rojo Ropa Accesorios Harbinger 249.00 Banda de resistencia media para entrenamiento funcional [] Unica Rojo Latex"
198,"Harbinger Resistance Band Heavy Negro","Ropa","Accesorios","Harbinger","299.00","Banda de resistencia alta para fuerza","[]",NULL,NULL,NULL,"Unica","Negro","Latex","Harbinger Resistance Band Heavy Negro Ropa Accesorios Harbinger 299.00 Banda de resistencia alta para fuerza [] Unica Negro Latex"
199,"Harbinger Hip Band Verde","Ropa","Accesorios","Harbinger","349.00","Banda para gluteo y activacion de cadera","[]",NULL,NULL,NULL,"Unica","Verde","Textil elastico","Harbinger Hip Band Verde Ropa Accesorios Harbinger 349.00 Banda para gluteo y activacion de cadera [] Unica Verde Textil elastico"
200,"Harbinger Ankle Cuff Pair Negro","Ropa","Accesorios","Harbinger","299.00","Tobilleras para polea en ejercicios de pierna","[]",NULL,NULL,NULL,"Unica","Negro","Nylon","Harbinger Ankle Cuff Pair Negro Ropa Accesorios Harbinger 299.00 Tobilleras para polea en ejercicios de pierna [] Unica Negro Nylon"
201,"Harbinger Bar Pad Negro","Ropa","Accesorios","Harbinger","249.00","Protector para barra en sentadilla e hip thrust","[]",NULL,NULL,NULL,"Unica","Negro","Foam","Harbinger Bar Pad Negro Ropa Accesorios Harbinger 249.00 Protector para barra en sentadilla e hip thrust [] Unica Negro Foam"
202,"Harbinger Chalk Ball Blanco","Ropa","Accesorios","Harbinger","149.00","Bola de magnesio para mejorar agarre","[]",NULL,NULL,NULL,"Unica","Blanco","Magnesio","Harbinger Chalk Ball Blanco Ropa Accesorios Harbinger 149.00 Bola de magnesio para mejorar agarre [] Unica Blanco Magnesio"
203,"Harbinger Liquid Chalk 250 ml Blanco","Ropa","Accesorios","Harbinger","229.00","Magnesio liquido para entrenamiento de agarre","[]",NULL,NULL,NULL,"Unica","Blanco","Magnesio liquido","Harbinger Liquid Chalk 250 ml Blanco Ropa Accesorios Harbinger 229.00 Magnesio liquido para entrenamiento de agarre [] Unica Blanco Magnesio liquido"
204,"Harbinger Shaker Bottle 700 ml Negro","Ropa","Accesorios","Harbinger","199.00","Shaker para proteina y bebidas deportivas","[]",NULL,NULL,NULL,"Unica","Negro","Plastico","Harbinger Shaker Bottle 700 ml Negro Ropa Accesorios Harbinger 199.00 Shaker para proteina y bebidas deportivas [] Unica Negro Plastico"
205,"Harbinger Stainless Shaker 750 ml Plateado","Ropa","Accesorios","Harbinger","349.00","Shaker metalico para bebidas frias","[]",NULL,NULL,NULL,"Unica","Plateado","Acero inoxidable","Harbinger Stainless Shaker 750 ml Plateado Ropa Accesorios Harbinger 349.00 Shaker metalico para bebidas frias [] Unica Plateado Acero inoxidable"
206,"Harbinger Gym Towel Negro","Ropa","Accesorios","Harbinger","179.00","Toalla compacta para gimnasio","[]",NULL,NULL,NULL,"Unica","Negro","Microfibra","Harbinger Gym Towel Negro Ropa Accesorios Harbinger 179.00 Toalla compacta para gimnasio [] Unica Negro Microfibra"
207,"Harbinger Training Towel Gris","Ropa","Accesorios","Harbinger","189.00","Toalla absorbente para entrenamiento diario","[]",NULL,NULL,NULL,"Unica","Gris","Microfibra","Harbinger Training Towel Gris Ropa Accesorios Harbinger 189.00 Toalla absorbente para entrenamiento diario [] Unica Gris Microfibra"
208,"Harbinger Duffel Bag Negro","Ropa","Accesorios","Harbinger","799.00","Maleta deportiva con compartimentos amplios","[]",NULL,NULL,NULL,"Unica","Negro","Poliester","Harbinger Duffel Bag Negro Ropa Accesorios Harbinger 799.00 Maleta deportiva con compartimentos amplios [] Unica Negro Poliester"
209,"Harbinger Drawstring Bag Rojo","Ropa","Accesorios","Harbinger","249.00","Mochila ligera de cordon para gimnasio","[]",NULL,NULL,NULL,"Unica","Rojo","Poliester","Harbinger Drawstring Bag Rojo Ropa Accesorios Harbinger 249.00 Mochila ligera de cordon para gimnasio [] Unica Rojo Poliester"
210,"Harbinger Speed Rope Negro","Ropa","Accesorios","Harbinger","299.00","Cuerda de velocidad para cardio y calentamiento","[]",NULL,NULL,NULL,"Unica","Negro","Acero recubierto","Harbinger Speed Rope Negro Ropa Accesorios Harbinger 299.00 Cuerda de velocidad para cardio y calentamiento [] Unica Negro Acero recubierto"
211,"Harbinger Weighted Jump Rope Gris","Ropa","Accesorios","Harbinger","449.00","Cuerda con peso para acondicionamiento","[]",NULL,NULL,NULL,"Unica","Gris","Acero recubierto","Harbinger Weighted Jump Rope Gris Ropa Accesorios Harbinger 449.00 Cuerda con peso para acondicionamiento [] Unica Gris Acero recubierto"
212,"Harbinger Massage Roller Negro","Ropa","Accesorios","Harbinger","399.00","Rodillo de masaje para recuperacion muscular","[]",NULL,NULL,NULL,"Unica","Negro","EVA","Harbinger Massage Roller Negro Ropa Accesorios Harbinger 399.00 Rodillo de masaje para recuperacion muscular [] Unica Negro EVA"
213,"Harbinger Lacrosse Massage Ball Negro","Ropa","Accesorios","Harbinger","149.00","Pelota de masaje para puntos de tension","[]",NULL,NULL,NULL,"Unica","Negro","Caucho","Harbinger Lacrosse Massage Ball Negro Ropa Accesorios Harbinger 149.00 Pelota de masaje para puntos de tension [] Unica Negro Caucho"
214,"Harbinger Mini Band Set Multicolor","Ropa","Accesorios","Harbinger","349.00","Set de bandas mini para activacion","[]",NULL,NULL,NULL,"Unica","Multicolor","Latex","Harbinger Mini Band Set Multicolor Ropa Accesorios Harbinger 349.00 Set de bandas mini para activacion [] Unica Multicolor Latex"
215,"Harbinger Door Anchor Negro","Ropa","Accesorios","Harbinger","199.00","Ancla para puerta compatible con bandas","[]",NULL,NULL,NULL,"Unica","Negro","Nylon","Harbinger Door Anchor Negro Ropa Accesorios Harbinger 199.00 Ancla para puerta compatible con bandas [] Unica Negro Nylon"
216,"Harbinger Cable Attachment Rope Negro","Ropa","Accesorios","Harbinger","399.00","Cuerda para polea de triceps y jalones","[]",NULL,NULL,NULL,"Unica","Negro","Nylon","Harbinger Cable Attachment Rope Negro Ropa Accesorios Harbinger 399.00 Cuerda para polea de triceps y jalones [] Unica Negro Nylon"
217,"Harbinger D Handle Grip Negro","Ropa","Accesorios","Harbinger","349.00","Agarre individual para polea","[]",NULL,NULL,NULL,"Unica","Negro","Acero","Harbinger D Handle Grip Negro Ropa Accesorios Harbinger 349.00 Agarre individual para polea [] Unica Negro Acero"
218,"Harbinger Triceps V Bar Cromado","Ropa","Accesorios","Harbinger","449.00","Barra V para triceps en polea","[]",NULL,NULL,NULL,"Unica","Cromado","Acero","Harbinger Triceps V Bar Cromado Ropa Accesorios Harbinger 449.00 Barra V para triceps en polea [] Unica Cromado Acero"
219,"Harbinger Lat Pulldown Bar Cromado","Ropa","Accesorios","Harbinger","799.00","Barra larga para jalon al pecho","[]",NULL,NULL,NULL,"Unica","Cromado","Acero","Harbinger Lat Pulldown Bar Cromado Ropa Accesorios Harbinger 799.00 Barra larga para jalon al pecho [] Unica Cromado Acero"
220,"Harbinger Carabiner Clips Set Plateado","Ropa","Accesorios","Harbinger","149.00","Set de mosquetones para accesorios de polea","[]",NULL,NULL,NULL,"Unica","Plateado","Acero","Harbinger Carabiner Clips Set Plateado Ropa Accesorios Harbinger 149.00 Set de mosquetones para accesorios de polea [] Unica Plateado Acero"
221,"Harbinger Weightlifting Hooks Negro","Ropa","Accesorios","Harbinger","599.00","Ganchos para agarre en levantamientos pesados","[]",NULL,NULL,NULL,"Unica","Negro","Acero y neopreno","Harbinger Weightlifting Hooks Negro Ropa Accesorios Harbinger 599.00 Ganchos para agarre en levantamientos pesados [] Unica Negro Acero y neopreno"
222,"Harbinger Knee Sleeves 5mm Negro","Ropa","Accesorios","Harbinger","699.00","Rodilleras de neopreno para soporte articular","[]",NULL,NULL,NULL,"M","Negro","Neopreno","Harbinger Knee Sleeves 5mm Negro Ropa Accesorios Harbinger 699.00 Rodilleras de neopreno para soporte articular [] M Negro Neopreno"
223,"Harbinger Elbow Sleeves Negro","Ropa","Accesorios","Harbinger","549.00","Coderas de neopreno para entrenamiento de fuerza","[]",NULL,NULL,NULL,"M","Negro","Neopreno","Harbinger Elbow Sleeves Negro Ropa Accesorios Harbinger 549.00 Coderas de neopreno para entrenamiento de fuerza [] M Negro Neopreno"
224,"Harbinger Hand Grip Trainer Negro","Ropa","Accesorios","Harbinger","249.00","Fortalecedor de mano con resistencia ajustable","[]",NULL,NULL,NULL,"Unica","Negro","Acero y plastico","Harbinger Hand Grip Trainer Negro Ropa Accesorios Harbinger 249.00 Fortalecedor de mano con resistencia ajustable [] Unica Negro Acero y plastico"
225,"Harbinger Forearm Roller Negro","Ropa","Accesorios","Harbinger","399.00","Rodillo para entrenamiento de antebrazo","[]",NULL,NULL,NULL,"Unica","Negro","Acero","Harbinger Forearm Roller Negro Ropa Accesorios Harbinger 399.00 Rodillo para entrenamiento de antebrazo [] Unica Negro Acero"
226,"Harbinger Yoga Block Gris","Ropa","Accesorios","Harbinger","199.00","Bloque de yoga para movilidad y soporte","[]",NULL,NULL,NULL,"Unica","Gris","EVA","Harbinger Yoga Block Gris Ropa Accesorios Harbinger 199.00 Bloque de yoga para movilidad y soporte [] Unica Gris EVA"
227,"Harbinger Stretch Strap Azul","Ropa","Accesorios","Harbinger","229.00","Correa de estiramiento para flexibilidad","[]",NULL,NULL,NULL,"Unica","Azul","Nylon","Harbinger Stretch Strap Azul Ropa Accesorios Harbinger 229.00 Correa de estiramiento para flexibilidad [] Unica Azul Nylon"
228,"Harbinger Core Sliders Negro","Ropa","Accesorios","Harbinger","249.00","Discos deslizantes para entrenamiento de core","[]",NULL,NULL,NULL,"Unica","Negro","Plastico","Harbinger Core Sliders Negro Ropa Accesorios Harbinger 249.00 Discos deslizantes para entrenamiento de core [] Unica Negro Plastico"
229,"Harbinger Balance Pad Azul","Ropa","Accesorios","Harbinger","449.00","Pad de equilibrio para rehabilitacion y estabilidad","[]",NULL,NULL,NULL,"Unica","Azul","Foam","Harbinger Balance Pad Azul Ropa Accesorios Harbinger 449.00 Pad de equilibrio para rehabilitacion y estabilidad [] Unica Azul Foam"
230,"Harbinger Wrist Roller Kit Negro","Ropa","Accesorios","Harbinger","499.00","Kit para fortalecer munecas y antebrazos","[]",NULL,NULL,NULL,"Unica","Negro","Acero","Harbinger Wrist Roller Kit Negro Ropa Accesorios Harbinger 499.00 Kit para fortalecer munecas y antebrazos [] Unica Negro Acero"
231,"Harbinger Lifting Chain Collars Negro","Ropa","Accesorios","Harbinger","599.00","Collares de seguridad para barra olimpica","[]",NULL,NULL,NULL,"Unica","Negro","Acero","Harbinger Lifting Chain Collars Negro Ropa Accesorios Harbinger 599.00 Collares de seguridad para barra olimpica [] Unica Negro Acero"
232,"Harbinger Speed Agility Cones Naranja","Ropa","Accesorios","Harbinger","299.00","Conos para velocidad y coordinacion","[]",NULL,NULL,NULL,"Unica","Naranja","Plastico","Harbinger Speed Agility Cones Naranja Ropa Accesorios Harbinger 299.00 Conos para velocidad y coordinacion [] Unica Naranja Plastico"
233,"Harbinger Training Log Book Negro","Ropa","Accesorios","Harbinger","149.00","Cuaderno para registrar progresos de entrenamiento","[]",NULL,NULL,NULL,"Unica","Negro","Papel","Harbinger Training Log Book Negro Ropa Accesorios Harbinger 149.00 Cuaderno para registrar progresos de entrenamiento [] Unica Negro Papel"
640071737,"Prueba","Suplementación","Accesorios","Harbinger","2.00","Prueba","[]","prueba","prueba","prueba",NULL,NULL,NULL,"Prueba Suplementación Accesorios Harbinger 2.00 Prueba [] prueba prueba prueba"
